Level,Year,item_name_ar,item_name_en,unit_ar,unit_en,Annual average,Jan,Feb,Mar,Apr,May,Jun,Jul,Aug,Sep,Oct,Nov,Dec
6,2025,أرز بسمتي أبيض هندي (المهيدب),Basmati White Indian Rice (Al Mehideb),10 كجم,10 kg,96.37,97.9,97.73,96.86,95.88,96.35,94.96,96.75,95.62,95.81,96.36,96.7,95.52
6,2024,أرز بسمتي أبيض هندي (المهيدب),Basmati White Indian Rice (Al Mehideb),10 كجم,10 kg,98.75167,98.1,98.12,99.05,99.57,99.75,98.7,99.23,98.31,98.63,98.59,99.33,97.64
6,2023,أرز بسمتي أبيض هندي (المهيدب),Basmati White Indian Rice (Al Mehideb),10 كجم,10 kg,95.77417,92.47,92.29,92.23,94.01,93.1,95.2,95.67,97.65,99.24,98.97,98.75,99.71
6,2022,أرز بسمتي أبيض هندي (المهيدب),Basmati White Indian Rice (Al Mehideb),10 كجم,10 kg,91.40167,90.69,90.22,90.39,90.04,90.1,91.95,91.45,92.44,91.84,92.82,91.83,93.05
6,2021,أرز بسمتي أبيض هندي (المهيدب),Basmati White Indian Rice (Al Mehideb),10 كجم,10 kg,91.25833,91.62,91.76,91.54,90.76,91.51,90.93,90.32,90.86,91.2,91.49,91.85,91.26
6,2020,أرز بسمتي أبيض هندي (المهيدب),Basmati White Indian Rice (Al Mehideb),10 كجم,10 kg,88.64167,84.86,84.75,84.87,84.77,84.86,84.8,93.05,93.26,92.59,92.74,91.59,91.56
6,2019,أرز بسمتي أبيض هندي (المهيدب),Basmati White Indian Rice (Al Mehideb),10 كجم,10 kg,84.00217,83.435,83.091,83.59,83.8,83.53,83.83,84.22,84.5,84.7,84.57,84.27,84.49
6,2018,أرز بسمتي أبيض هندي (المهيدب),Basmati White Indian Rice (Al Mehideb),10 كجم,10 kg,83.76258,84.265,83.291,83.409,83.2,83.903,84.197,84.46,83.822,84.241,84.092,83.434,82.837
6,2017,أرز بسمتي أبيض هندي (المهيدب),Basmati White Indian Rice (Al Mehideb),10 كجم,10 kg,80.59417,81.243,81.154,81.092,80.964,80.386,80.549,80.658,80.092,80.552,80.066,80.056,80.318
6,2016,أرز بسمتي أبيض هندي (المهيدب),Basmati White Indian Rice (Al Mehideb),10 كجم,10 kg,81.56542,85.133,85.299,83.627,82.033,81.777,80.782,80.883,80.549,80.177,79.894,79.279,79.352
6,2015,أرز بسمتي أبيض هندي (المهيدب),Basmati White Indian Rice (Al Mehideb),10 كجم,10 kg,90.65442,94.246,93.697,93.063,92.379,91.651,91.215,90.272,90.136,89.592,88.12,87.068,86.414
6,2014,أرز بسمتي أبيض هندي (المهيدب),Basmati White Indian Rice (Al Mehideb),10 كجم,10 kg,88.37967,81.419,83.385,84.818,86.173,87.373,87.234,88.453,89.726,91.134,93.089,93.976,93.776
6,2013,أرز بسمتي أبيض هندي (المهيدب),Basmati White Indian Rice (Al Mehideb),10 كجم,10 kg,78.859,78.273,78.601,78.695,79.137,79.297,78.84,78.342,78.991,79.062,78.771,79.221,79.078
6,2012,أرز بسمتي أبيض هندي (المهيدب),Basmati White Indian Rice (Al Mehideb),10 كجم,10 kg,78.14167,78.27,78.167,78.268,78.173,78.268,78.063,77.698,77.788,78.284,78.243,78.153,78.325
6,2011,أرز بسمتي أبيض هندي (المهيدب),Basmati White Indian Rice (Al Mehideb),10 كجم,10 kg,78.13783,76.79,77.813,78.364,78.494,78.493,78.481,78.235,78.138,78.658,78.33,77.694,78.164
6,2010,أرز بسمتي أبيض هندي (المهيدب),Basmati White Indian Rice (Al Mehideb),10 كجم,10 kg,76.74525,77.598,77.743,77.54,76.42,76.889,76.939,76.654,76.298,76.287,76.142,76.36,76.073
6,2009,أرز بسمتي أبيض هندي (المهيدب),Basmati White Indian Rice (Al Mehideb),10 كجم,10 kg,82.4625,88.362,88.343,88.194,86.906,81.558,80.406,80.414,79.863,79.814,79.581,78.419,77.69
6,2025,أرز مزة هندي (أبو كاس),Maza Indian Rice( Abu Kas),10 كجم,10 kg,81.27917,82.62,80.71,81.71,82.47,82.37,81.21,81.63,81.0,80.14,79.95,80.62,80.92
6,2024,أرز مزة هندي (أبو كاس),Maza Indian Rice( Abu Kas),10 كجم,10 kg,82.54417,82.3,82.0,81.31,81.96,81.55,82.07,82.73,82.98,83.99,84.01,82.96,82.67
6,2023,أرز مزة هندي (أبو كاس),Maza Indian Rice( Abu Kas),10 كجم,10 kg,77.33917,75.64,76.44,74.39,75.71,75.65,76.25,76.82,76.79,77.73,79.4,81.22,82.03
6,2022,أرز مزة هندي (أبو كاس),Maza Indian Rice( Abu Kas),10 كجم,10 kg,75.31167,74.8,74.79,74.42,73.32,75.09,75.46,75.27,76.17,75.99,76.13,76.24,76.06
6,2021,أرز مزة هندي (أبو كاس),Maza Indian Rice( Abu Kas),10 كجم,10 kg,75.05417,75.5,76.27,75.45,74.37,75.11,73.89,74.82,74.92,73.97,75.38,75.58,75.39
6,2020,أرز مزة هندي (أبو كاس),Maza Indian Rice( Abu Kas),10 كجم,10 kg,73.39083,69.96,69.89,69.85,70.45,70.33,69.83,76.84,76.61,76.52,77.19,76.55,76.67
6,2019,أرز مزة هندي (أبو كاس),Maza Indian Rice( Abu Kas),10 كجم,10 kg,69.66333,69.027,69.953,69.05,69.1,69.09,69.98,69.81,69.76,70.01,70.03,69.94,70.21
6,2018,أرز مزة هندي (أبو كاس),Maza Indian Rice( Abu Kas),10 كجم,10 kg,68.19392,65.97,65.742,67.715,68.063,67.276,69.354,68.838,68.94,68.868,69.501,69.113,68.947
6,2017,أرز مزة هندي (أبو كاس),Maza Indian Rice( Abu Kas),10 كجم,10 kg,60.09858,58.617,58.456,58.091,58.906,58.474,59.613,60.796,61.128,61.179,61.381,62.311,62.231
6,2016,أرز مزة هندي (أبو كاس),Maza Indian Rice( Abu Kas),10 كجم,10 kg,61.30967,67.214,65.473,63.281,62.739,60.807,59.869,60.078,59.709,59.831,59.221,58.728,58.766
6,2015,أرز مزة هندي (أبو كاس),Maza Indian Rice( Abu Kas),10 كجم,10 kg,75.25825,78.488,78.726,78.012,77.787,77.005,76.393,75.231,74.627,73.736,72.135,71.151,69.808
6,2014,أرز مزة هندي (أبو كاس),Maza Indian Rice( Abu Kas),10 كجم,10 kg,76.57883,73.281,74.415,74.839,75.266,75.799,76.049,77.162,78.082,78.655,78.736,78.24,78.422
6,2013,أرز مزة هندي (أبو كاس),Maza Indian Rice( Abu Kas),10 كجم,10 kg,66.505,56.768,58.207,61.088,65.495,68.038,68.61,68.015,69.557,70.412,70.475,70.278,71.117
6,2012,أرز مزة هندي (أبو كاس),Maza Indian Rice( Abu Kas),10 كجم,10 kg,56.86492,57.453,57.427,57.456,57.082,57.071,56.986,56.284,56.591,56.529,56.61,56.588,56.302
6,2011,أرز مزة هندي (أبو كاس),Maza Indian Rice( Abu Kas),10 كجم,10 kg,57.86892,57.46,58.109,58.202,57.865,57.923,58.111,57.605,57.469,58.081,57.95,57.852,57.8
6,2010,أرز مزة هندي (أبو كاس),Maza Indian Rice( Abu Kas),10 كجم,10 kg,59.64467,61.867,62.128,61.655,61.209,61.266,61.208,60.368,58.228,57.52,56.963,56.791,56.533
6,2009,أرز مزة هندي (أبو كاس),Maza Indian Rice( Abu Kas),10 كجم,10 kg,69.86858,76.713,76.537,76.518,76.262,70.807,69.339,67.918,66.353,65.959,65.196,64.472,62.349
6,2025,شعير مستورد,Imported Barley,50 كجم,50 kg,65.655,64.52,65.34,65.77,65.14,64.83,64.73,64.05,66.1,66.62,66.74,66.8,67.22
6,2024,شعير مستورد,Imported Barley,50 كجم,50 kg,69.695,67.2,69.95,72.88,73.32,74.26,74.36,73.87,71.6,68.34,64.13,63.26,63.17
6,2023,شعير مستورد,Imported Barley,50 كجم,50 kg,76.47333,83.02,82.77,82.06,80.28,79.88,77.53,76.6,75.95,72.63,71.33,68.25,67.38
6,2022,شعير مستورد,Imported Barley,50 كجم,50 kg,81.87,72.77,72.86,75.77,81.2,83.71,85.33,86.15,86.57,86.71,84.63,83.7,83.04
6,2021,شعير مستورد,Imported Barley,50 كجم,50 kg,60.83417,52.88,52.65,52.54,52.66,58.17,62.2,62.86,63.03,65.39,67.29,69.75,70.59
6,2020,شعير مستورد,Imported Barley,50 كجم,50 kg,48.89583,42.68,44.28,44.54,44.79,44.74,48.35,52.87,52.95,52.91,52.9,52.93,52.81
6,2019,شعير مستورد,Imported Barley,50 كجم,50 kg,40.65225,40.741,40.696,40.65,40.65,40.63,40.63,40.59,40.59,40.59,40.69,40.67,40.7
6,2018,شعير مستورد,Imported Barley,50 كجم,50 kg,40.7895,40.607,40.732,40.799,40.826,40.875,40.875,40.732,40.875,40.844,40.795,40.746,40.768
6,2017,شعير مستورد,Imported Barley,50 كجم,50 kg,38.8765,38.906,38.906,38.906,38.83,38.868,38.849,38.83,38.83,38.83,38.906,38.964,38.893
6,2016,شعير مستورد,Imported Barley,50 كجم,50 kg,39.07242,39.245,39.179,39.123,39.057,39.132,39.123,39.019,38.981,38.962,39.085,39.057,38.906
6,2015,شعير مستورد,Imported Barley,50 كجم,50 kg,39.13492,38.951,38.98,38.98,39.216,38.832,38.934,39.085,39.472,39.396,39.325,39.212,39.236
6,2014,شعير مستورد,Imported Barley,50 كجم,50 kg,38.83917,38.745,38.745,38.745,38.814,38.824,38.863,38.863,38.863,38.863,38.863,38.941,38.941
6,2013,شعير مستورد,Imported Barley,50 كجم,50 kg,38.77392,38.74,38.76,38.76,38.964,39.042,38.792,38.708,38.708,38.667,38.667,38.734,38.745
6,2012,شعير مستورد,Imported Barley,50 كجم,50 kg,38.78292,38.723,38.711,38.622,38.642,38.917,38.896,38.875,38.833,39.022,38.74,38.667,38.747
6,2011,شعير مستورد,Imported Barley,50 كجم,50 kg,39.436,38.976,38.771,38.823,40.26,40.085,40.101,40.0,39.873,39.512,39.043,38.979,38.809
6,2010,شعير مستورد,Imported Barley,50 كجم,50 kg,38.54033,31.674,31.957,34.356,34.678,33.032,31.452,31.266,37.106,43.33,51.234,50.739,51.66
6,2009,شعير مستورد,Imported Barley,50 كجم,50 kg,26.01333,15.735,20.223,21.455,23.563,25.354,29.647,29.997,29.279,28.404,27.882,29.278,31.343
6,2025,ذرة الرفيعة (البيضاء),Sorghum bicolor,40 كجم,40 kg,138.0375,139.15,138.42,139.64,140.25,139.91,138.26,137.74,136.08,136.54,136.82,136.64,137.0
6,2024,ذرة الرفيعة (البيضاء),Sorghum bicolor,40 كجم,40 kg,143.57583,145.29,145.3,145.29,146.47,145.13,144.39,144.33,144.14,142.02,140.52,141.93,138.1
6,2023,ذرة الرفيعة (البيضاء),Sorghum bicolor,40 كجم,40 kg,140.67083,139.37,140.02,140.48,140.59,141.69,139.91,139.06,137.86,139.21,140.94,143.89,145.03
6,2022,ذرة الرفيعة (البيضاء),Sorghum bicolor,40 كجم,40 kg,135.41555555555556,,,,136.19,129.77,134.12,134.77,134.73,136.17,137.54,137.94,137.51
6,2025,دخن,Millet,40 كجم,40 kg,121.74167,122.06,122.07,122.39,122.18,124.07,122.52,121.81,120.98,120.6,120.62,120.78,120.82
6,2024,دخن,Millet,40 كجم,40 kg,126.91417,128.93,128.88,130.22,130.14,129.75,127.11,129.39,125.98,124.57,124.98,121.36,121.66
6,2023,دخن,Millet,40 كجم,40 kg,127.2825,128.3,128.2,128.48,128.89,128.02,128.01,127.04,125.32,126.02,126.44,124.83,127.84
6,2022,دخن,Millet,40 كجم,40 kg,124.85777777777776,,,,119.43,120.2,123.75,123.21,123.96,127.57,127.94,128.41,129.25
6,2025,شوربة علب شوفان,Oats Soup (Quaker),500 جم,500 gm,9.84333,10.08,9.73,9.81,9.78,9.93,9.89,9.87,9.78,9.76,9.79,9.79,9.91
6,2024,شوربة علب شوفان,Oats Soup (Quaker),500 جم,500 gm,9.98167,10.16,9.83,9.75,9.96,10.04,10.0,9.96,9.75,9.98,9.97,10.22,10.16
6,2023,شوربة علب شوفان,Oats Soup (Quaker),500 جم,500 gm,9.68833,9.73,9.81,9.49,9.58,9.67,9.61,9.6,9.59,9.77,9.79,9.6,10.02
6,2022,شوربة علب شوفان,Oats Soup (Quaker),500 جم,500 gm,9.61,9.81,9.8,9.51,9.41,9.58,9.62,9.58,9.44,9.47,9.56,9.81,9.73
6,2021,شوربة علب شوفان,Oats Soup (Quaker),500 جم,500 gm,9.6825,9.8,9.89,9.56,9.07,9.61,9.64,9.56,9.59,9.75,9.86,9.91,9.95
6,2020,شوربة علب شوفان,Oats Soup (Quaker),500 جم,500 gm,9.195,8.63,8.65,8.72,8.49,8.81,8.82,9.82,9.65,9.67,9.61,9.83,9.64
6,2019,شوربة علب شوفان,Oats Soup (Quaker),500 جم,500 gm,8.55233,8.518,8.43,8.48,8.41,8.4,8.63,8.65,8.68,8.65,8.6,8.56,8.62
6,2018,شوربة علب شوفان,Oats Soup (Quaker),500 جم,500 gm,8.56692,8.787,8.815,8.78,8.827,8.3,8.584,8.497,8.485,8.543,8.39,8.349,8.446
6,2017,شوربة علب شوفان,Oats Soup (Quaker),500 جم,500 gm,8.50267,8.605,8.503,8.533,8.611,8.305,8.46,8.505,8.536,8.517,8.54,8.438,8.479
6,2016,شوربة علب شوفان,Oats Soup (Quaker),500 جم,500 gm,8.63575,8.67,8.688,8.69,8.719,8.649,8.45,8.669,8.632,8.629,8.608,8.604,8.621
6,2015,شوربة علب شوفان,Oats Soup (Quaker),500 جم,500 gm,8.50217,8.451,8.488,8.469,8.475,8.483,8.342,8.454,8.509,8.525,8.598,8.625,8.607
6,2014,شوربة علب شوفان,Oats Soup (Quaker),500 جم,500 gm,8.37958,8.236,8.331,8.34,8.363,8.321,8.365,8.39,8.452,8.476,8.407,8.438,8.436
6,2013,شوربة علب شوفان,Oats Soup (Quaker),500 جم,500 gm,8.23058,8.339,8.221,8.271,8.302,8.272,8.18,7.951,8.273,8.255,8.282,8.275,8.146
6,2012,شوربة علب شوفان,Oats Soup (Quaker),500 جم,500 gm,8.19192,8.005,8.078,8.067,8.088,8.184,8.255,8.144,8.211,8.274,8.339,8.319,8.339
6,2011,شوربة علب شوفان,Oats Soup (Quaker),500 جم,500 gm,7.91,7.761,7.818,7.821,7.933,7.916,7.977,7.903,7.928,7.988,7.919,7.971,7.985
6,2010,شوربة علب شوفان,Oats Soup (Quaker),500 جم,500 gm,7.70633,7.6,7.694,7.676,7.69,7.667,7.715,7.784,7.557,7.669,7.751,7.812,7.861
6,2009,شوربة علب شوفان,Oats Soup (Quaker),500 جم,500 gm,7.55017,7.387,7.409,7.47,7.424,7.495,7.6,7.719,7.566,7.578,7.676,7.618,7.66
6,2025,دقيق قمح محلي أسمر (صوامع الغلال),Brown Local Wheat flour(Grain Silos),1 كجم,1 kg,3.12667,3.18,3.18,3.14,3.13,3.12,3.08,3.14,3.15,3.16,3.11,3.06,3.07
6,2024,دقيق قمح محلي أسمر (صوامع الغلال),Brown Local Wheat flour(Grain Silos),1 كجم,1 kg,3.18833,3.2,3.19,3.19,3.21,3.15,3.15,3.21,3.24,3.19,3.22,3.18,3.13
6,2023,دقيق قمح محلي أسمر (صوامع الغلال),Brown Local Wheat flour(Grain Silos),1 كجم,1 kg,3.13083,3.09,3.13,3.11,3.09,3.09,3.14,3.16,3.13,3.16,3.11,3.2,3.16
6,2022,دقيق قمح محلي أسمر (صوامع الغلال),Brown Local Wheat flour(Grain Silos),1 كجم,1 kg,2.86167,2.75,2.79,2.77,2.85,2.86,2.89,2.86,2.88,2.86,2.92,2.96,2.95
6,2021,دقيق قمح محلي أسمر (صوامع الغلال),Brown Local Wheat flour(Grain Silos),1 كجم,1 kg,2.72417,2.75,2.75,2.73,2.72,2.7,2.71,2.71,2.73,2.72,2.71,2.72,2.74
6,2020,دقيق قمح محلي أسمر (صوامع الغلال),Brown Local Wheat flour(Grain Silos),1 كجم,1 kg,2.625,2.45,2.45,2.46,2.47,2.46,2.46,2.78,2.77,2.8,2.81,2.82,2.77
6,2019,دقيق قمح محلي أسمر (صوامع الغلال),Brown Local Wheat flour(Grain Silos),1 كجم,1 kg,2.44883,2.482,2.444,2.43,2.46,2.42,2.43,2.44,2.46,2.46,2.45,2.45,2.46
6,2018,دقيق قمح محلي أسمر (صوامع الغلال),Brown Local Wheat flour(Grain Silos),1 كجم,1 kg,2.39658,2.379,2.383,2.4,2.382,2.348,2.344,2.377,2.405,2.392,2.423,2.442,2.484
6,2017,دقيق قمح محلي أسمر (صوامع الغلال),Brown Local Wheat flour(Grain Silos),1 كجم,1 kg,2.28958,2.278,2.264,2.235,2.296,2.3,2.271,2.277,2.29,2.31,2.318,2.303,2.333
6,2016,دقيق قمح محلي أسمر (صوامع الغلال),Brown Local Wheat flour(Grain Silos),1 كجم,1 kg,2.22242,2.238,2.197,2.216,2.226,2.233,2.198,2.195,2.195,2.194,2.239,2.282,2.256
6,2015,دقيق قمح محلي أسمر (صوامع الغلال),Brown Local Wheat flour(Grain Silos),1 كجم,1 kg,2.14058,2.027,2.029,2.07,2.114,2.058,2.065,2.108,2.182,2.193,2.338,2.236,2.267
6,2014,دقيق قمح محلي أسمر (صوامع الغلال),Brown Local Wheat flour(Grain Silos),1 كجم,1 kg,1.97175,2.078,2.01,1.963,1.938,1.931,1.971,1.933,1.99,1.942,1.965,1.968,1.972
6,2013,دقيق قمح محلي أسمر (صوامع الغلال),Brown Local Wheat flour(Grain Silos),1 كجم,1 kg,2.107,2.085,2.017,1.998,2.066,2.118,2.074,2.209,2.256,2.137,2.118,2.128,2.078
6,2012,دقيق قمح محلي أسمر (صوامع الغلال),Brown Local Wheat flour(Grain Silos),1 كجم,1 kg,2.11175,2.036,2.03,2.178,2.107,2.118,2.115,2.119,2.156,2.098,2.145,2.074,2.165
6,2011,دقيق قمح محلي أسمر (صوامع الغلال),Brown Local Wheat flour(Grain Silos),1 كجم,1 kg,2.07775,2.063,2.052,2.082,2.049,2.059,2.108,2.055,2.17,2.049,2.077,2.08,2.089
6,2010,دقيق قمح محلي أسمر (صوامع الغلال),Brown Local Wheat flour(Grain Silos),1 كجم,1 kg,2.08883,2.157,2.193,2.048,2.095,2.012,2.056,2.087,2.084,2.071,2.087,2.047,2.129
6,2009,دقيق قمح محلي أسمر (صوامع الغلال),Brown Local Wheat flour(Grain Silos),1 كجم,1 kg,2.25783,2.188,2.304,2.205,2.237,2.273,2.297,2.221,2.265,2.323,2.335,2.189,2.257
6,2025,دقيق محلي أبيض (صوامع الغلال),White Local Flour(Grain Silos),2 كجم,2 kg,4.805,4.86,4.86,4.83,4.82,4.86,4.77,4.79,4.82,4.8,4.8,4.72,4.73
6,2024,دقيق محلي أبيض (صوامع الغلال),White Local Flour(Grain Silos),2 كجم,2 kg,4.64667,4.76,4.64,4.69,4.54,4.57,4.62,4.63,4.63,4.64,4.7,4.63,4.71
6,2023,دقيق محلي أبيض (صوامع الغلال),White Local Flour(Grain Silos),2 كجم,2 kg,4.86667,4.75,4.81,4.83,4.87,4.91,4.95,4.92,4.94,4.85,4.86,4.91,4.8
6,2022,دقيق محلي أبيض (صوامع الغلال),White Local Flour(Grain Silos),2 كجم,2 kg,4.57167,4.43,4.45,4.45,4.59,4.61,4.64,4.61,4.57,4.56,4.61,4.66,4.68
6,2021,دقيق محلي أبيض (صوامع الغلال),White Local Flour(Grain Silos),2 كجم,2 kg,4.32833,4.27,4.32,4.33,4.31,4.3,4.3,4.31,4.32,4.38,4.35,4.38,4.37
6,2020,دقيق محلي أبيض (صوامع الغلال),White Local Flour(Grain Silos),2 كجم,2 kg,3.995,3.78,3.77,3.77,3.76,3.76,3.76,4.2,4.19,4.24,4.24,4.24,4.23
6,2019,دقيق محلي أبيض (صوامع الغلال),White Local Flour(Grain Silos),2 كجم,2 kg,3.7895,3.826,3.808,3.78,3.69,3.77,3.76,3.77,3.82,3.84,3.8,3.8,3.81
6,2018,دقيق محلي أبيض (صوامع الغلال),White Local Flour(Grain Silos),2 كجم,2 kg,3.74117,3.678,3.691,3.724,3.741,3.757,3.734,3.759,3.748,3.699,3.779,3.777,3.807
6,2017,دقيق محلي أبيض (صوامع الغلال),White Local Flour(Grain Silos),2 كجم,2 kg,3.52742,3.447,3.448,3.443,3.486,3.489,3.616,3.595,3.604,3.584,3.575,3.515,3.527
6,2016,دقيق محلي أبيض (صوامع الغلال),White Local Flour(Grain Silos),2 كجم,2 kg,3.34417,3.343,3.3,3.329,3.398,3.345,3.306,3.311,3.296,3.332,3.377,3.383,3.41
6,2015,دقيق محلي أبيض (صوامع الغلال),White Local Flour(Grain Silos),2 كجم,2 kg,3.274,2.906,3.05,3.117,3.32,3.277,3.303,3.377,3.327,3.46,3.419,3.389,3.343
6,2014,دقيق محلي أبيض (صوامع الغلال),White Local Flour(Grain Silos),2 كجم,2 kg,2.87467,2.826,2.874,2.852,2.87,2.845,2.848,2.812,2.95,2.896,2.879,2.912,2.932
6,2013,دقيق محلي أبيض (صوامع الغلال),White Local Flour(Grain Silos),2 كجم,2 kg,2.87908,2.902,2.955,2.89,2.877,2.816,2.837,2.891,2.911,2.837,2.907,2.887,2.839
6,2012,دقيق محلي أبيض (صوامع الغلال),White Local Flour(Grain Silos),2 كجم,2 kg,2.79092,2.685,2.663,2.654,2.752,2.843,2.91,2.834,2.806,2.81,2.857,2.813,2.864
6,2011,دقيق محلي أبيض (صوامع الغلال),White Local Flour(Grain Silos),2 كجم,2 kg,2.77708,2.8,2.851,2.824,2.75,2.783,2.785,2.77,2.883,2.789,2.696,2.661,2.733
6,2010,دقيق محلي أبيض (صوامع الغلال),White Local Flour(Grain Silos),2 كجم,2 kg,2.78733,2.861,2.817,2.81,2.85,2.68,2.761,2.716,2.808,2.732,2.781,2.823,2.809
6,2009,دقيق محلي أبيض (صوامع الغلال),White Local Flour(Grain Silos),2 كجم,2 kg,3.0025,3.074,3.079,3.042,2.927,2.813,2.974,2.983,3.048,3.183,3.012,2.993,2.902
6,2025,خبز أبيض مفرود,White Bread,4 أرغفة,4 loaves,1.07917,1.08,1.08,1.08,1.08,1.08,1.07,1.08,1.08,1.08,1.08,1.08,1.08
6,2024,خبز أبيض مفرود,White Bread,4 أرغفة,4 loaves,1.09167,1.1,1.1,1.09,1.09,1.09,1.09,1.09,1.09,1.09,1.09,1.09,1.09
6,2023,خبز أبيض مفرود,White Bread,4 أرغفة,4 loaves,1.115,1.12,1.12,1.12,1.12,1.12,1.12,1.12,1.12,1.11,1.11,1.1,1.1
6,2022,خبز أبيض مفرود,White Bread,4 أرغفة,4 loaves,1.11167,1.11,1.11,1.11,1.12,1.12,1.11,1.11,1.11,1.11,1.11,1.11,1.11
6,2021,خبز أبيض مفرود,White Bread,4 أرغفة,4 loaves,1.11,1.11,1.11,1.11,1.11,1.11,1.11,1.11,1.11,1.11,1.11,1.11,1.11
6,2020,خبز أبيض مفرود,White Bread,4 أرغفة,4 loaves,1.07667,1.03,1.03,1.03,1.03,1.03,1.03,1.13,1.13,1.13,1.12,1.11,1.12
6,2019,خبز أبيض مفرود,White Bread,4 أرغفة,4 loaves,1.03242,1.034,1.035,1.03,1.03,1.03,1.03,1.04,1.04,1.03,1.03,1.03,1.03
6,2018,خبز أبيض مفرود,White Bread,4 أرغفة,4 loaves,1.03033,1.029,1.033,1.033,1.031,1.027,1.027,1.027,1.031,1.032,1.03,1.033,1.031
6,2017,خبز أبيض مفرود,White Bread,4 أرغفة,4 loaves,1.0,1.0,1.0,1.0,1.0,1.0,1.0,1.0,1.0,1.0,1.0,1.0,1.0
6,2016,خبز أبيض مفرود,White Bread,4 أرغفة,4 loaves,1.0,1.0,1.0,1.0,1.0,1.0,1.0,1.0,1.0,1.0,1.0,1.0,1.0
6,2015,خبز أبيض مفرود,White Bread,4 أرغفة,4 loaves,1.0,1.0,1.0,1.0,1.0,1.0,1.0,1.0,1.0,1.0,1.0,1.0,1.0
6,2014,خبز أبيض مفرود,White Bread,4 أرغفة,4 loaves,1.0,1.0,1.0,1.0,1.0,1.0,1.0,1.0,1.0,1.0,1.0,1.0,1.0
6,2013,خبز أبيض مفرود,White Bread,4 أرغفة,4 loaves,1.0,1.0,1.0,1.0,1.0,1.0,1.0,1.0,1.0,1.0,1.0,1.0,1.0
6,2012,خبز أبيض مفرود,White Bread,4 أرغفة,4 loaves,1.0,1.0,1.0,1.0,1.0,1.0,1.0,1.0,1.0,1.0,1.0,1.0,1.0
6,2011,خبز أبيض مفرود,White Bread,4 أرغفة,4 loaves,1.0,1.0,1.0,1.0,1.0,1.0,1.0,1.0,1.0,1.0,1.0,1.0,1.0
6,2010,خبز أبيض مفرود,White Bread,4 أرغفة,4 loaves,1.0,1.0,1.0,1.0,1.0,1.0,1.0,1.0,1.0,1.0,1.0,1.0,1.0
6,2009,خبز أبيض مفرود,White Bread,4 أرغفة,4 loaves,1.0,1.0,1.0,1.0,1.0,1.0,1.0,1.0,1.0,1.0,1.0,1.0,1.0
6,2025,شعيرية بيرفيتو,Perfetto Noodles,250 جم,250 gm,5.92583,5.8,5.82,5.77,5.82,5.91,5.96,5.97,5.98,5.99,6.03,6.03,6.03
6,2024,شعيرية بيرفيتو,Perfetto Noodles,250 جم,250 gm,5.84583,5.84,5.85,5.77,5.85,5.89,5.87,5.85,5.93,5.83,5.84,5.83,5.8
6,2023,شعيرية بيرفيتو,Perfetto Noodles,250 جم,250 gm,5.8475,5.95,5.83,5.64,5.87,5.89,5.85,5.86,5.89,5.85,5.81,5.88,5.85
6,2022,شعيرية بيرفيتو,Perfetto Noodles,250 جم,250 gm,5.54333,5.23,5.31,5.28,5.27,5.34,5.38,5.57,5.69,5.84,5.86,5.87,5.88
6,2021,شعيرية بيرفيتو,Perfetto Noodles,250 جم,250 gm,5.12167,5.18,5.07,5.11,4.97,5.14,5.09,5.05,5.18,5.13,5.19,5.18,5.17
6,2020,شعيرية بيرفيتو,Perfetto Noodles,250 جم,250 gm,4.92583,4.62,4.67,4.62,4.67,4.71,4.69,5.22,5.22,5.12,5.12,5.21,5.24
6,2019,شعيرية بيرفيتو,Perfetto Noodles,250 جم,250 gm,4.615,4.643,4.677,4.66,4.58,4.61,4.63,4.58,4.59,4.55,4.59,4.66,4.61
6,2018,شعيرية بيرفيتو,Perfetto Noodles,250 جم,250 gm,4.652,4.652,4.683,4.618,4.641,4.559,4.711,4.71,4.654,4.624,4.674,4.676,4.622
6,2017,شعيرية بيرفيتو,Perfetto Noodles,250 جم,250 gm,4.49158,4.487,4.512,4.462,4.532,4.415,4.473,4.491,4.484,4.5,4.508,4.521,4.514
6,2016,شعيرية بيرفيتو,Perfetto Noodles,250 جم,250 gm,4.46933,4.484,4.489,4.476,4.433,4.404,4.386,4.47,4.518,4.483,4.509,4.485,4.495
6,2015,شعيرية بيرفيتو,Perfetto Noodles,250 جم,250 gm,4.5195,4.532,4.556,4.508,4.548,4.559,4.458,4.53,4.539,4.477,4.521,4.522,4.484
6,2014,شعيرية بيرفيتو,Perfetto Noodles,250 جم,250 gm,4.542,4.548,4.524,4.549,4.549,4.582,4.507,4.546,4.553,4.554,4.523,4.512,4.557
6,2013,شعيرية بيرفيتو,Perfetto Noodles,250 جم,250 gm,4.52625,4.52,4.49,4.564,4.562,4.54,4.516,4.461,4.49,4.539,4.555,4.522,4.556
6,2012,شعيرية بيرفيتو,Perfetto Noodles,250 جم,250 gm,4.52825,4.568,4.513,4.484,4.556,4.544,4.546,4.491,4.501,4.488,4.534,4.565,4.549
6,2011,شعيرية بيرفيتو,Perfetto Noodles,250 جم,250 gm,4.53942,4.576,4.603,4.594,4.571,4.551,4.51,4.46,4.514,4.515,4.539,4.518,4.522
6,2010,شعيرية بيرفيتو,Perfetto Noodles,250 جم,250 gm,4.70708,4.84,4.872,4.859,4.785,4.804,4.721,4.654,4.571,4.602,4.579,4.576,4.622
6,2009,شعيرية بيرفيتو,Perfetto Noodles,250 جم,250 gm,4.894,4.884,4.974,4.915,4.91,4.855,4.893,4.879,4.973,4.969,4.83,4.831,4.815
6,2025,مكرونة بيرفيتو محلية,Perfetto Local Macaroni,500 جم,500 gm,5.98833,5.94,5.92,5.92,5.91,5.94,6.03,5.96,6.01,6.04,6.08,6.05,6.06
6,2024,مكرونة بيرفيتو محلية,Perfetto Local Macaroni,500 جم,500 gm,5.96417,6.01,6.04,5.91,5.97,5.98,5.95,5.96,5.99,5.94,5.93,5.94,5.95
6,2023,مكرونة بيرفيتو محلية,Perfetto Local Macaroni,500 جم,500 gm,5.91833,5.99,5.96,5.68,5.89,5.92,5.87,5.91,5.94,5.94,5.93,5.99,6.0
6,2022,مكرونة بيرفيتو محلية,Perfetto Local Macaroni,500 جم,500 gm,5.5775,5.28,5.35,5.35,5.31,5.38,5.41,5.63,5.73,5.83,5.85,5.89,5.92
6,2021,مكرونة بيرفيتو محلية,Perfetto Local Macaroni,500 جم,500 gm,5.19083,5.29,5.17,5.21,5.0,5.22,5.17,5.1,5.23,5.19,5.25,5.25,5.21
6,2020,مكرونة بيرفيتو محلية,Perfetto Local Macaroni,500 جم,500 gm,4.98583,4.68,4.71,4.66,4.71,4.76,4.73,5.29,5.29,5.21,5.23,5.27,5.29
6,2019,مكرونة بيرفيتو محلية,Perfetto Local Macaroni,500 جم,500 gm,4.65917,4.692,4.718,4.7,4.62,4.65,4.67,4.62,4.63,4.61,4.63,4.7,4.67
6,2018,مكرونة بيرفيتو محلية,Perfetto Local Macaroni,500 جم,500 gm,4.69558,4.692,4.751,4.718,4.727,4.606,4.748,4.728,4.667,4.664,4.709,4.674,4.663
6,2017,مكرونة بيرفيتو محلية,Perfetto Local Macaroni,500 جم,500 gm,4.56375,4.554,4.59,4.55,4.6,4.498,4.554,4.574,4.567,4.576,4.569,4.567,4.566
6,2016,مكرونة بيرفيتو محلية,Perfetto Local Macaroni,500 جم,500 gm,4.551,4.575,4.582,4.573,4.518,4.468,4.472,4.549,4.599,4.569,4.58,4.559,4.568
6,2015,مكرونة بيرفيتو محلية,Perfetto Local Macaroni,500 جم,500 gm,4.59717,4.633,4.653,4.589,4.608,4.633,4.523,4.595,4.608,4.542,4.605,4.593,4.584
6,2014,مكرونة بيرفيتو محلية,Perfetto Local Macaroni,500 جم,500 gm,4.65617,4.643,4.656,4.7,4.68,4.678,4.612,4.639,4.666,4.657,4.633,4.628,4.682
6,2013,مكرونة بيرفيتو محلية,Perfetto Local Macaroni,500 جم,500 gm,4.63742,4.642,4.621,4.676,4.675,4.665,4.628,4.575,4.62,4.64,4.65,4.61,4.647
6,2012,مكرونة بيرفيتو محلية,Perfetto Local Macaroni,500 جم,500 gm,4.66592,4.712,4.679,4.66,4.67,4.68,4.692,4.621,4.65,4.637,4.667,4.673,4.65
6,2011,مكرونة بيرفيتو محلية,Perfetto Local Macaroni,500 جم,500 gm,4.69783,4.712,4.763,4.792,4.743,4.689,4.679,4.666,4.663,4.647,4.669,4.669,4.682
6,2010,مكرونة بيرفيتو محلية,Perfetto Local Macaroni,500 جم,500 gm,5.04158,5.492,5.447,5.457,5.39,5.331,4.885,4.872,4.735,4.708,4.718,4.694,4.77
6,2009,مكرونة بيرفيتو محلية,Perfetto Local Macaroni,500 جم,500 gm,5.878,6.235,6.187,6.193,6.159,6.072,6.007,5.82,5.626,5.6,5.561,5.588,5.488
6,2025,غنم نجدي,Najdi Sheep,1 حبة,1 Sheep,1865.34583,1800.0,1832.31,1846.92,1864.74,1885.9,1920.77,1932.05,1884.87,1858.13,1845.64,1853.33,1859.49
6,2024,غنم نجدي,Najdi Sheep,1 حبة,1 Sheep,1785.2825,1628.53,1691.62,1780.0,1776.62,1788.82,1867.35,1839.19,1861.91,1814.49,1805.0,1791.18,1778.68
6,2023,غنم نجدي,Najdi Sheep,1 حبة,1 Sheep,1589.155,1471.47,1483.53,1531.22,1582.35,1598.53,1671.32,1646.44,1608.82,1617.06,1619.12,1617.5,1622.5
6,2022,غنم نجدي,Najdi Sheep,1 حبة,1 Sheep,1454.32,1353.68,1365.37,1401.76,1458.97,1471.62,1488.97,1579.41,1482.79,1473.53,1463.24,1449.12,1463.38
6,2021,غنم نجدي,Najdi Sheep,1 حبة,1 Sheep,1390.5475,1319.01,1317.7,1369.87,1425.66,1449.08,1446.84,1519.85,1424.26,1395.0,1342.94,1345.65,1330.71
6,2020,غنم نجدي,Najdi Sheep,1 حبة,1 Sheep,1299.38333,1221.92,1245.0,1260.52,1333.51,1347.89,1320.26,1388.36,1321.98,1290.59,1275.86,1281.38,1305.33
6,2019,غنم نجدي,Najdi Sheep,1 حبة,1 Sheep,1169.60667,1099.872,1112.078,1116.75,1141.04,1167.79,1141.18,1191.05,1250.0,1194.49,1196.03,1212.31,1212.69
6,2018,غنم نجدي,Najdi Sheep,1 حبة,1 Sheep,1110.01342,1068.782,1036.923,1047.949,1097.595,1143.718,1155.513,1152.372,1225.385,1122.308,1076.154,1085.385,1108.077
6,2017,غنم نجدي,Najdi Sheep,1 حبة,1 Sheep,1108.38683,1095.641,1098.077,1094.744,1092.051,1125.0,1131.667,1092.436,1186.667,1132.821,1101.923,1090.128,1059.487
6,2016,غنم نجدي,Najdi Sheep,1 حبة,1 Sheep,1298.37375,1428.947,1405.128,1397.564,1386.667,1359.359,1338.974,1342.949,1253.333,1224.615,1187.821,1143.205,1111.923
6,2015,غنم نجدي,Najdi Sheep,1 حبة,1 Sheep,1470.22992,1454.81,1451.084,1448.415,1482.073,1481.585,1504.699,1486.548,1491.548,1512.738,1466.31,1438.846,1424.103
6,2014,غنم نجدي,Najdi Sheep,1 حبة,1 Sheep,1439.69842,1297.857,1312.976,1432.5,1445.714,1507.024,1512.976,1534.286,1429.87,1508.896,1459.286,1392.338,1442.658
6,2013,غنم نجدي,Najdi Sheep,1 حبة,1 Sheep,1355.33692,1351.724,1345.114,1337.045,1340.93,1351.989,1363.409,1383.977,1366.25,1359.318,1445.682,1318.605,1300.0
6,2012,غنم نجدي,Najdi Sheep,1 حبة,1 Sheep,1367.697,1366.353,1372.326,1349.268,1318.851,1352.045,1387.045,1369.091,1370.795,1385.795,1455.909,1338.068,1346.818
6,2011,غنم نجدي,Najdi Sheep,1 حبة,1 Sheep,1191.04608,1064.321,1054.405,1070.482,1166.867,1166.463,1208.902,1222.048,1209.762,1214.024,1315.233,1296.951,1303.095
6,2010,غنم نجدي,Najdi Sheep,1 حبة,1 Sheep,1090.3845,1062.4,1043.333,1066.471,1074.8,1045.57,1063.375,1107.722,1104.884,1104.0,1118.448,1193.373,1100.238
6,2009,غنم نجدي,Najdi Sheep,1 حبة,1 Sheep,1008.14292,973.077,968.462,976.897,965.469,930.455,916.818,1083.81,1033.288,998.095,1045.19,1143.617,1062.537
6,2025,غنم نعيمي,Naemi Sheep,1 حبة,1 Sheep,1834.89667,1771.43,1852.43,1908.74,1895.38,1896.63,1868.7,1818.4,1823.86,1795.29,1790.39,1800.2,1797.31
6,2024,غنم نعيمي,Naemi Sheep,1 حبة,1 Sheep,1852.48,1712.45,1822.47,1953.44,1925.11,1935.44,1994.22,1969.89,1874.33,1804.17,1762.42,1750.33,1725.49
6,2023,غنم نعيمي,Naemi Sheep,1 حبة,1 Sheep,1598.99083,1444.49,1465.71,1532.91,1594.69,1627.65,1715.71,1642.24,1614.29,1609.69,1621.53,1643.57,1675.41
6,2022,غنم نعيمي,Naemi Sheep,1 حبة,1 Sheep,1444.14083,1377.76,1390.71,1447.86,1503.47,1498.06,1502.86,1526.02,1436.73,1430.92,1402.65,1398.67,1413.98
6,2021,غنم نعيمي,Naemi Sheep,1 حبة,1 Sheep,1385.09333,1316.02,1317.45,1360.31,1422.65,1437.55,1434.8,1531.12,1421.84,1381.53,1344.69,1333.57,1319.59
6,2020,غنم نعيمي,Naemi Sheep,1 حبة,1 Sheep,1289.10583,1222.55,1247.88,1265.4,1306.36,1322.24,1304.8,1377.47,1317.57,1274.18,1257.76,1271.22,1301.84
6,2019,غنم نعيمي,Naemi Sheep,1 حبة,1 Sheep,1162.10417,1094.286,1111.684,1115.56,1139.34,1167.4,1145.77,1191.06,1224.74,1175.26,1177.95,1196.85,1205.35
6,2018,غنم نعيمي,Naemi Sheep,1 حبة,1 Sheep,1072.68958,1012.449,1002.347,1005.51,1065.918,1109.286,1112.525,1104.898,1174.49,1087.0,1050.101,1062.7,1085.051
6,2017,غنم نعيمي,Naemi Sheep,1 حبة,1 Sheep,1045.2075,1013.617,1010.638,1013.617,1012.34,1058.602,1079.022,1059.891,1131.304,1079.457,1043.696,1028.673,1011.633
6,2016,غنم نعيمي,Naemi Sheep,1 حبة,1 Sheep,1242.80917,1361.739,1357.174,1353.043,1336.522,1319.891,1276.304,1289.239,1188.696,1172.473,1130.761,1079.677,1048.191
6,2015,غنم نعيمي,Naemi Sheep,1 حبة,1 Sheep,1429.5305,1428.9,1419.8,1439.5,1454.3,1448.0,1449.7,1435.4,1433.9,1471.1,1414.2,1383.37,1376.196
6,2014,غنم نعيمي,Naemi Sheep,1 حبة,1 Sheep,1429.14583,1340.3,1401.25,1412.0,1413.5,1447.4,1444.7,1464.5,1436.6,1498.9,1446.4,1407.2,1437.0
6,2013,غنم نعيمي,Naemi Sheep,1 حبة,1 Sheep,1354.64158,1344.063,1335.729,1338.021,1348.737,1342.5,1368.021,1383.958,1354.896,1364.316,1411.25,1335.208,1329.0
6,2012,غنم نعيمي,Naemi Sheep,1 حبة,1 Sheep,1379.3635,1381.064,1392.947,1389.891,1332.105,1350.417,1392.188,1373.021,1398.021,1403.125,1461.979,1344.271,1333.333
6,2011,غنم نعيمي,Naemi Sheep,1 حبة,1 Sheep,1198.27667,1073.441,1082.673,1105.455,1162.391,1156.771,1194.063,1220.316,1200.0,1199.253,1319.896,1336.444,1328.617
6,2010,غنم نعيمي,Naemi Sheep,1 حبة,1 Sheep,1083.43508,1061.724,1043.626,1076.786,1059.07,1035.579,1042.143,1091.8,1097.172,1083.75,1123.6,1194.2,1091.771
6,2009,غنم نعيمي,Naemi Sheep,1 حبة,1 Sheep,981.77375,957.473,971.828,951.364,952.442,931.34,890.247,926.706,966.744,976.327,1031.505,1139.333,1085.976
6,2025,غنم بربري,Barbari Sheep,1 حبة,1 Sheep,702.3925,730.29,738.29,747.86,747.57,763.86,735.71,667.86,665.71,660.71,655.71,656.14,659.0
6,2024,غنم بربري,Barbari Sheep,1 حبة,1 Sheep,771.3025,753.13,785.86,805.63,799.53,796.09,814.92,794.84,773.28,759.38,729.38,727.81,715.78
6,2023,غنم بربري,Barbari Sheep,1 حبة,1 Sheep,720.2775,690.32,690.81,728.13,737.03,732.06,747.81,721.88,702.19,703.28,738.73,713.75,737.34
6,2022,غنم بربري,Barbari Sheep,1 حبة,1 Sheep,670.23083,647.68,651.25,657.86,681.25,656.72,659.84,676.56,677.03,675.16,674.19,692.0,693.23
6,2021,غنم بربري,Barbari Sheep,1 حبة,1 Sheep,643.26167,601.99,617.47,625.58,677.84,678.85,653.33,677.58,646.45,639.68,630.65,636.61,633.11
6,2020,غنم بربري,Barbari Sheep,1 حبة,1 Sheep,546.885,498.98,508.49,510.21,522.75,542.16,553.98,573.95,558.44,561.44,562.01,578.21,592.0
6,2019,غنم بربري,Barbari Sheep,1 حبة,1 Sheep,449.29367,433.684,438.75,440.25,442.99,447.94,435.47,445.0,440.56,444.86,450.35,481.74,489.93
6,2018,غنم بربري,Barbari Sheep,1 حبة,1 Sheep,430.96192,421.818,422.727,425.682,423.594,435.417,436.111,444.444,449.0,430.875,424.5,426.25,431.125
6,2017,غنم بربري,Barbari Sheep,1 حبة,1 Sheep,413.65242,403.295,401.364,405.059,408.293,418.0,413.875,415.5,428.0,420.5,420.568,412.841,416.534
6,2016,غنم بربري,Barbari Sheep,1 حبة,1 Sheep,443.36158,464.545,460.568,460.909,462.386,462.273,453.523,457.386,430.341,430.909,423.977,407.045,406.477
6,2015,غنم بربري,Barbari Sheep,1 حبة,1 Sheep,488.73458,496.875,497.898,490.787,495.506,485.114,489.432,491.42,487.784,493.295,481.477,478.636,476.591
6,2014,غنم بربري,Barbari Sheep,1 حبة,1 Sheep,504.40983,491.358,489.471,502.5,503.409,502.614,518.523,515.682,514.943,515.284,507.184,499.824,492.126
6,2013,غنم بربري,Barbari Sheep,1 حبة,1 Sheep,507.68975,497.5,496.605,495.065,499.873,506.883,513.182,515.897,519.744,517.792,526.09,501.786,501.86
6,2012,غنم بربري,Barbari Sheep,1 حبة,1 Sheep,490.80267,471.299,470.267,470.385,473.25,484.25,491.013,498.947,502.692,502.179,533.0,493.247,499.103
6,2011,غنم بربري,Barbari Sheep,1 حبة,1 Sheep,453.88008,417.778,424.935,421.382,433.882,439.145,470.132,473.158,477.303,461.234,482.267,471.494,473.851
6,2010,غنم بربري,Barbari Sheep,1 حبة,1 Sheep,402.53192,382.09,381.812,381.27,373.433,383.867,399.366,407.639,423.919,412.353,437.171,438.91,408.553
6,2009,غنم بربري,Barbari Sheep,1 حبة,1 Sheep,377.95267,358.019,341.471,355.0,370.978,377.295,371.724,374.643,388.788,389.5,401.643,409.149,397.222
6,2025,غنم سواكني,Soakny Sheep,1 حبة,1 Sheep,1286.4425,1236.18,1266.48,1292.61,1276.14,1296.67,1283.89,1294.78,1306.67,1304.44,1296.67,1278.22,1304.56
6,2024,غنم سواكني,Soakny Sheep,1 حبة,1 Sheep,1217.615,1180.29,1210.0,1266.43,1229.43,1228.86,1314.43,1217.29,1201.14,1173.0,1174.79,1187.86,1227.86
6,2023,غنم سواكني,Soakny Sheep,1 حبة,1 Sheep,1175.24333,1109.71,1116.14,1167.71,1190.86,1209.57,1237.71,1201.57,1175.29,1177.86,1180.57,1161.0,1174.93
6,2022,غنم سواكني,Soakny Sheep,1 حبة,1 Sheep,1109.11667,1075.0,1080.0,1105.57,1149.14,1107.86,1121.71,1172.0,1125.0,1104.29,1087.0,1084.57,1097.26
6,2021,غنم سواكني,Soakny Sheep,1 حبة,1 Sheep,1082.1075,1029.56,1056.3,1038.14,1102.86,1095.57,1096.43,1157.14,1124.29,1106.43,1056.43,1060.71,1061.43
6,2020,غنم سواكني,Soakny Sheep,1 حبة,1 Sheep,995.90833,887.35,937.66,980.65,1019.52,1097.74,1018.71,1050.04,1027.63,984.9,972.33,967.47,1006.9
6,2019,غنم سواكني,Soakny Sheep,1 حبة,1 Sheep,769.70633,730.143,736.143,734.14,754.57,787.43,768.71,774.29,778.4,759.29,771.93,801.36,840.07
6,2018,غنم سواكني,Soakny Sheep,1 حبة,1 Sheep,740.00125,721.286,720.286,733.857,742.214,757.114,757.543,765.857,786.429,740.0,724.714,716.286,714.429
6,2017,غنم سواكني,Soakny Sheep,1 حبة,1 Sheep,727.66983,715.429,704.0,698.382,700.441,727.857,751.429,730.429,778.0,745.143,734.143,726.571,720.214
6,2016,غنم سواكني,Soakny Sheep,1 حبة,1 Sheep,846.63083,884.714,883.571,878.857,879.714,879.714,865.571,869.714,843.143,825.0,811.286,789.429,748.857
6,2015,غنم سواكني,Soakny Sheep,1 حبة,1 Sheep,932.80942,939.571,937.0,934.714,937.143,936.286,946.714,944.571,915.0,938.286,927.857,921.714,914.857
6,2014,غنم سواكني,Soakny Sheep,1 حبة,1 Sheep,946.60592,920.946,911.867,929.744,942.857,939.714,971.429,965.143,958.143,980.714,947.857,945.571,945.286
6,2013,غنم سواكني,Soakny Sheep,1 حبة,1 Sheep,924.61267,900.278,892.26,912.319,900.352,912.647,934.348,941.642,932.727,941.765,966.324,920.946,939.744
6,2012,غنم سواكني,Soakny Sheep,1 حبة,1 Sheep,897.4395,876.567,875.0,859.342,869.714,883.889,909.155,916.618,911.471,917.143,948.333,891.471,910.571
6,2011,غنم سواكني,Soakny Sheep,1 حبة,1 Sheep,847.08817,786.25,792.794,791.471,825.809,819.118,848.116,878.06,881.071,878.06,892.794,893.788,877.727
6,2010,غنم سواكني,Soakny Sheep,1 حبة,1 Sheep,865.32417,1030.714,1003.571,907.5,970.417,794.407,762.419,823.077,824.603,829.524,818.871,829.242,789.545
6,2009,غنم سواكني,Soakny Sheep,1 حبة,1 Sheep,1122.98608,1133.75,1098.75,1093.75,1078.75,1158.75,1000.0,1043.75,1087.5,1182.5,1123.333,1268.75,1206.25
6,2025,غنم حري,Harri Sheep,1 حبة,1 Sheep,1723.97417,1656.45,1698.61,1742.36,1740.28,1795.27,1754.73,1733.78,1737.84,1714.86,1710.81,1697.97,1704.73
6,2024,غنم حري,Harri Sheep,1 حبة,1 Sheep,1668.0725,1586.9,1643.62,1784.14,1732.07,1717.07,1812.59,1639.05,1629.83,1621.38,1608.84,1607.76,1633.62
6,2023,غنم حري,Harri Sheep,1 حبة,1 Sheep,1507.81667,1405.17,1420.86,1487.07,1501.72,1513.79,1612.59,1555.17,1511.21,1519.83,1516.21,1500.52,1549.66
6,2022,غنم حري,Harri Sheep,1 حبة,1 Sheep,1408.22333,1332.24,1343.1,1387.59,1434.48,1399.14,1457.76,1507.24,1446.21,1442.9,1379.83,1385.69,1382.5
6,2021,غنم حري,Harri Sheep,1 حبة,1 Sheep,1344.36833,1250.69,1263.11,1326.72,1375.86,1356.9,1373.28,1477.59,1384.48,1345.34,1320.69,1336.21,1321.55
6,2020,غنم حري,Harri Sheep,1 حبة,1 Sheep,1219.47833,1091.72,1130.31,1152.72,1234.62,1251.66,1240.45,1308.8,1276.56,1245.95,1241.81,1222.59,1236.55
6,2019,غنم حري,Harri Sheep,1 حبة,1 Sheep,1047.61558,987.931,1013.966,1026.03,1049.48,1075.52,1056.38,1087.59,1101.55,1032.07,1027.76,1047.59,1065.52
6,2018,غنم حري,Harri Sheep,1 حبة,1 Sheep,1009.25292,923.276,932.069,964.31,997.586,1029.483,1046.034,1057.759,1163.966,1050.862,1000.172,973.621,971.897
6,2017,غنم حري,Harri Sheep,1 حبة,1 Sheep,965.1995,899.038,892.115,921.154,925.769,961.154,1018.077,1004.615,1076.923,1017.885,983.077,948.966,933.621
6,2016,غنم حري,Harri Sheep,1 حبة,1 Sheep,1180.14425,1249.423,1239.423,1229.423,1216.538,1216.923,1224.038,1217.115,1179.808,1197.308,1142.885,1035.385,1013.462
6,2015,غنم حري,Harri Sheep,1 حبة,1 Sheep,1311.95517,1277.115,1277.885,1285.385,1308.462,1321.154,1373.077,1336.538,1338.462,1346.538,1310.192,1285.385,1283.269
6,2014,غنم حري,Harri Sheep,1 حبة,1 Sheep,1294.968,1228.846,1275.769,1287.885,1283.077,1304.038,1297.5,1305.192,1299.808,1359.808,1310.577,1289.231,1297.885
6,2013,غنم حري,Harri Sheep,1 حبة,1 Sheep,1211.0115,1189.4,1178.163,1213.542,1185.6,1192.292,1222.292,1243.958,1201.042,1215.833,1248.125,1212.083,1229.808
6,2012,غنم حري,Harri Sheep,1 حبة,1 Sheep,1189.54117,1197.917,1188.333,1148.421,1187.0,1167.059,1205.098,1208.125,1192.083,1193.958,1240.377,1164.49,1181.633
6,2011,غنم حري,Harri Sheep,1 حبة,1 Sheep,1114.26875,1003.409,1003.81,1001.905,1130.976,1132.093,1116.25,1167.0,1149.5,1134.146,1179.75,1197.727,1154.659
6,2010,غنم حري,Harri Sheep,1 حبة,1 Sheep,850.72767,610.714,635.0,651.0,642.222,833.111,890.227,979.333,979.524,958.75,997.333,1020.667,1010.851
6,2009,غنم حري,Harri Sheep,1 حبة,1 Sheep,584.18208,548.889,533.704,562.609,587.5,535.54,546.538,549.31,587.2,577.778,623.2,718.75,639.167
6,2025,تيس بلدي (جذع),Local  goat (trunk),1 حبة,1 goat,1181.38917,1177.12,1188.28,1197.66,1185.94,1203.36,1205.0,1165.08,1155.0,1166.41,1172.66,1172.27,1187.89
6,2024,تيس بلدي (جذع),Local  goat (trunk),1 حبة,1 goat,1188.635,1150.18,1186.7,1252.32,1232.54,1236.79,1255.63,1195.09,1180.31,1157.1,1129.91,1131.25,1155.8
6,2023,تيس بلدي (جذع),Local  goat (trunk),1 حبة,1 goat,1061.895,991.34,1006.88,1049.06,1066.07,1070.27,1101.07,1061.52,1044.02,1042.5,1066.88,1098.13,1145.0
6,2022,تيس بلدي (جذع),Local  goat (trunk),1 حبة,1 goat,970.41,945.63,940.98,981.16,1010.54,987.14,982.68,995.71,962.86,956.52,949.73,958.13,973.84
6,2021,تيس بلدي (جذع),Local  goat (trunk),1 حبة,1 goat,944.04583,879.23,888.42,919.55,978.75,973.84,969.29,1020.89,966.61,945.27,929.11,925.89,931.7
6,2020,تيس بلدي (جذع),Local  goat (trunk),1 حبة,1 goat,846.19917,794.2,803.84,802.59,856.61,873.75,868.93,879.95,857.45,850.37,849.4,846.64,870.66
6,2019,تيس بلدي (جذع),Local  goat (trunk),1 حبة,1 goat,739.10575,709.286,712.143,714.02,723.96,749.82,734.91,751.83,765.8,738.57,740.45,755.27,773.21
6,2018,تيس بلدي (جذع),Local  goat (trunk),1 حبة,1 goat,694.4085,673.393,665.446,675.714,690.67,710.714,721.429,714.286,723.214,701.429,677.768,677.857,700.982
6,2017,تيس بلدي (جذع),Local  goat (trunk),1 حبة,1 goat,691.4495,680.268,676.161,671.429,670.446,698.929,723.571,707.679,738.393,704.107,681.875,674.554,669.982
6,2016,تيس بلدي (جذع),Local  goat (trunk),1 حبة,1 goat,829.47167,906.339,893.839,879.821,874.732,861.696,858.929,856.429,804.643,803.839,778.839,726.786,707.768
6,2015,تيس بلدي (جذع),Local  goat (trunk),1 حبة,1 goat,952.50542,972.5,973.036,975.804,954.464,958.056,970.357,957.232,946.607,977.366,939.107,902.054,903.482
6,2014,تيس بلدي (جذع),Local  goat (trunk),1 حبة,1 goat,946.964,,,,,,,,,,,,946.964
6,2025,لحم بقر طازج,Fresh Cattle Meat,1 كجم,1 kg,52.19667,52.3,52.3,52.28,51.78,52.01,52.02,52.36,52.08,51.84,52.45,52.61,52.33
6,2024,لحم بقر طازج,Fresh Cattle Meat,1 كجم,1 kg,52.2125,52.66,52.62,52.75,52.56,52.73,51.8,52.17,52.07,52.1,51.91,51.41,51.77
6,2023,لحم بقر طازج,Fresh Cattle Meat,1 كجم,1 kg,49.85,48.25,48.72,48.85,48.51,49.3,49.45,49.49,49.3,50.88,51.21,52.15,52.09
6,2022,لحم بقر طازج,Fresh Cattle Meat,1 كجم,1 kg,46.96917,43.77,44.51,45.17,46.75,46.63,47.61,47.81,47.99,48.08,48.38,48.64,48.29
6,2021,لحم بقر طازج,Fresh Cattle Meat,1 كجم,1 kg,44.08417,44.54,45.05,44.38,44.51,44.6,44.22,43.62,43.43,43.48,43.64,43.7,43.84
6,2020,لحم بقر طازج,Fresh Cattle Meat,1 كجم,1 kg,42.99333,39.28,39.39,40.82,42.42,42.84,42.64,44.94,44.54,44.69,44.83,44.9,44.63
6,2019,لحم بقر طازج,Fresh Cattle Meat,1 كجم,1 kg,37.8165,37.595,37.683,37.81,37.59,37.67,37.43,37.53,37.74,37.79,37.98,38.36,38.62
6,2018,لحم بقر طازج,Fresh Cattle Meat,1 كجم,1 kg,37.81883,38.628,38.341,38.088,37.96,37.933,37.911,37.543,37.596,37.228,37.362,37.54,37.696
6,2017,لحم بقر طازج,Fresh Cattle Meat,1 كجم,1 kg,37.65142,37.607,37.431,37.546,37.491,37.704,37.533,37.829,37.881,37.787,37.73,37.463,37.815
6,2016,لحم بقر طازج,Fresh Cattle Meat,1 كجم,1 kg,38.79042,39.459,39.163,38.953,39.104,39.098,39.25,39.233,38.92,38.591,38.391,37.837,37.486
6,2015,لحم بقر طازج,Fresh Cattle Meat,1 كجم,1 kg,39.25233,39.728,39.336,39.43,38.64,38.863,39.244,39.235,39.329,39.243,39.218,39.453,39.309
6,2014,لحم بقر طازج,Fresh Cattle Meat,1 كجم,1 kg,39.09083,38.856,38.81,38.791,38.88,39.208,38.939,39.121,39.106,39.051,39.001,39.621,39.706
6,2013,لحم بقر طازج,Fresh Cattle Meat,1 كجم,1 kg,38.52025,37.406,37.874,38.333,38.63,39.13,38.711,38.728,38.469,38.712,38.762,38.814,38.674
6,2012,لحم بقر طازج,Fresh Cattle Meat,1 كجم,1 kg,36.54925,36.016,36.223,36.112,35.922,36.131,36.143,36.246,36.909,36.799,37.339,37.164,37.587
6,2011,لحم بقر طازج,Fresh Cattle Meat,1 كجم,1 kg,34.68825,33.594,34.037,34.252,34.03,34.42,34.921,34.869,35.094,34.597,35.055,35.778,35.612
6,2010,لحم بقر طازج,Fresh Cattle Meat,1 كجم,1 kg,30.72267,28.871,28.804,29.095,29.291,29.429,29.674,29.951,31.759,31.68,33.01,33.689,33.419
6,2009,لحم بقر طازج,Fresh Cattle Meat,1 كجم,1 kg,28.57433,28.125,28.295,28.431,28.579,28.595,28.652,28.212,28.73,28.834,28.965,28.729,28.745
6,2025,لحم ضأن طازج,Fresh Sheep Meat,1 كجم,1 kg,66.87417,66.59,66.72,66.66,66.64,66.53,66.97,67.16,67.12,67.15,67.35,66.7,66.9
6,2024,لحم ضأن طازج,Fresh Sheep Meat,1 كجم,1 kg,67.33417,66.25,66.96,67.6,67.42,67.07,68.61,68.09,67.79,67.32,67.69,66.38,66.83
6,2023,لحم ضأن طازج,Fresh Sheep Meat,1 كجم,1 kg,63.72583,61.95,62.43,62.16,62.09,63.06,63.84,63.85,64.17,64.76,65.97,64.6,65.83
6,2022,لحم ضأن طازج,Fresh Sheep Meat,1 كجم,1 kg,61.81,60.14,60.41,60.49,61.17,61.21,62.29,62.9,62.28,62.68,62.83,62.75,62.57
6,2021,لحم ضأن طازج,Fresh Sheep Meat,1 كجم,1 kg,59.7325,58.44,59.06,59.43,59.43,59.78,60.46,60.38,60.28,60.38,60.04,59.49,59.62
6,2020,لحم ضأن طازج,Fresh Sheep Meat,1 كجم,1 kg,55.75,51.42,51.63,52.72,54.2,54.53,54.99,58.96,58.3,57.61,58.02,58.37,58.25
6,2019,لحم ضأن طازج,Fresh Sheep Meat,1 كجم,1 kg,48.68442,48.082,48.261,48.36,48.33,48.83,48.5,48.21,48.17,47.98,48.98,49.84,50.67
6,2018,لحم ضأن طازج,Fresh Sheep Meat,1 كجم,1 kg,47.49175,47.224,47.41,47.028,47.287,47.47,47.553,47.575,47.758,47.099,47.593,47.826,48.078
6,2017,لحم ضأن طازج,Fresh Sheep Meat,1 كجم,1 kg,47.06808,47.905,47.095,47.171,47.26,46.974,47.15,47.297,47.238,47.213,47.016,46.605,45.893
6,2016,لحم ضأن طازج,Fresh Sheep Meat,1 كجم,1 kg,50.63775,51.159,51.717,51.726,51.787,51.589,51.555,51.209,50.247,50.079,49.682,48.937,47.966
6,2015,لحم ضأن طازج,Fresh Sheep Meat,1 كجم,1 kg,52.13017,51.926,51.423,51.712,52.835,52.833,52.139,52.504,52.527,52.504,52.453,51.284,51.422
6,2014,لحم ضأن طازج,Fresh Sheep Meat,1 كجم,1 kg,51.285,51.251,51.049,51.216,51.122,50.999,50.915,51.072,50.794,51.391,51.46,51.513,52.638
6,2013,لحم ضأن طازج,Fresh Sheep Meat,1 كجم,1 kg,51.61133,50.751,51.009,51.666,51.363,51.88,51.915,52.52,51.871,51.863,51.772,51.31,51.416
6,2012,لحم ضأن طازج,Fresh Sheep Meat,1 كجم,1 kg,49.70583,48.417,48.423,48.876,49.381,49.465,50.297,50.453,50.446,49.95,49.938,50.155,50.669
6,2011,لحم ضأن طازج,Fresh Sheep Meat,1 كجم,1 kg,45.57217,42.753,42.861,42.745,44.157,45.398,46.422,46.196,47.111,46.945,47.566,47.121,47.591
6,2010,لحم ضأن طازج,Fresh Sheep Meat,1 كجم,1 kg,39.36992,36.712,37.865,37.934,37.973,38.277,38.666,39.079,40.165,40.502,41.298,41.791,42.177
6,2009,لحم ضأن طازج,Fresh Sheep Meat,1 كجم,1 kg,35.25425,34.8,34.799,34.279,34.709,34.561,35.576,34.705,34.844,35.032,36.015,36.962,36.769
6,2025,لحم ضأن مبرد مستورد,imported chilled Sheep Meat,1 كجم,1 kg,53.14167,50.85,51.93,51.61,52.49,53.2,53.33,54.48,53.57,54.05,54.05,53.9,54.24
6,2024,لحم ضأن مبرد مستورد,imported chilled Sheep Meat,1 كجم,1 kg,53.07,55.25,54.29,53.74,53.3,53.89,52.73,53.24,52.87,51.89,51.77,52.51,51.36
6,2023,لحم ضأن مبرد مستورد,imported chilled Sheep Meat,1 كجم,1 kg,54.35917,52.91,53.05,53.33,53.06,53.8,54.4,54.96,55.44,55.88,55.22,55.11,55.15
6,2022,لحم ضأن مبرد مستورد,imported chilled Sheep Meat,1 كجم,1 kg,51.91583,48.08,49.89,50.8,52.02,51.52,52.23,53.12,53.23,54.19,53.12,52.46,52.33
6,2021,لحم ضأن مبرد مستورد,imported chilled Sheep Meat,1 كجم,1 kg,46.63333,46.3,45.65,46.35,45.7,47.42,46.46,46.09,45.69,46.82,46.54,47.74,48.84
6,2020,لحم ضأن مبرد مستورد,imported chilled Sheep Meat,1 كجم,1 kg,45.92833,42.81,43.57,44.56,46.32,46.52,46.63,48.31,47.44,46.63,45.7,46.31,46.34
6,2019,لحم ضأن مبرد مستورد,imported chilled Sheep Meat,1 كجم,1 kg,39.01992,37.089,37.18,37.5,37.09,37.33,38.57,38.42,40.15,40.86,40.37,41.62,42.06
6,2018,لحم ضأن مبرد مستورد,imported chilled Sheep Meat,1 كجم,1 kg,38.04942,38.954,38.998,38.64,37.973,37.011,38.564,37.323,38.648,39.029,37.377,37.129,36.947
6,2017,لحم ضأن مبرد مستورد,imported chilled Sheep Meat,1 كجم,1 kg,37.32783,37.807,37.543,37.399,37.948,37.105,37.416,37.279,37.439,36.981,37.186,37.0,36.831
6,2016,لحم ضأن مبرد مستورد,imported chilled Sheep Meat,1 كجم,1 kg,38.75225,39.68,40.097,39.854,39.88,39.007,38.704,38.607,38.356,38.057,37.772,37.51,37.503
6,2015,لحم ضأن مبرد مستورد,imported chilled Sheep Meat,1 كجم,1 kg,39.1975,39.096,38.658,38.772,38.971,39.049,38.886,39.299,39.249,39.618,39.818,39.41,39.544
6,2014,لحم ضأن مبرد مستورد,imported chilled Sheep Meat,1 كجم,1 kg,39.1155,38.925,39.225,39.129,39.109,39.204,39.066,39.331,39.06,39.37,39.593,38.744,38.63
6,2013,لحم ضأن مبرد مستورد,imported chilled Sheep Meat,1 كجم,1 kg,39.24058,38.553,38.103,38.926,39.066,39.27,39.465,40.667,40.1,39.408,39.178,39.175,38.976
6,2012,لحم ضأن مبرد مستورد,imported chilled Sheep Meat,1 كجم,1 kg,37.52025,36.973,36.52,36.547,37.084,37.33,37.207,37.407,38.191,38.167,38.408,38.07,38.339
6,2011,لحم ضأن مبرد مستورد,imported chilled Sheep Meat,1 كجم,1 kg,35.0135,33.934,33.77,34.158,34.638,34.448,34.934,34.436,35.387,35.702,36.018,36.169,36.568
6,2010,لحم ضأن مبرد مستورد,imported chilled Sheep Meat,1 كجم,1 kg,32.99967,31.727,32.085,32.75,32.225,33.216,33.312,33.0,32.934,33.194,33.494,33.875,34.184
6,2009,لحم ضأن مبرد مستورد,imported chilled Sheep Meat,1 كجم,1 kg,29.52225,27.571,27.841,27.471,27.801,28.557,29.233,29.646,30.472,30.683,30.578,31.902,32.512
6,2025,دجاج طازج محلي (فقية),Local fresh chicken (Faqih),900 جم,900 gm,17.31583,17.51,17.27,17.34,17.34,17.34,17.32,17.24,17.35,17.29,17.35,17.22,17.22
6,2024,دجاج طازج محلي (فقية),Local fresh chicken (Faqih),900 جم,900 gm,17.89667,18.17,18.19,18.14,18.03,17.92,17.88,17.89,17.84,17.84,17.8,17.58,17.48
6,2023,دجاج طازج محلي (فقية),Local fresh chicken (Faqih),900 جم,900 gm,18.2725,18.5,18.49,18.44,18.51,18.45,18.33,18.42,18.14,18.15,17.99,17.91,17.94
6,2022,دجاج طازج محلي (فقية),Local fresh chicken (Faqih),900 جم,900 gm,17.59417,15.72,15.97,16.13,16.87,17.84,18.0,18.1,18.53,18.53,18.52,18.53,18.39
6,2021,دجاج طازج محلي (فقية),Local fresh chicken (Faqih),900 جم,900 gm,15.42333,15.62,15.67,15.49,15.19,15.13,15.08,15.31,15.45,15.39,15.49,15.59,15.67
6,2020,دجاج طازج محلي (فقية),Local fresh chicken (Faqih),900 جم,900 gm,14.81667,13.72,13.9,14.04,14.12,14.14,14.24,15.62,15.67,15.62,15.57,15.57,15.59
6,2019,دجاج طازج محلي (فقية),Local fresh chicken (Faqih),900 جم,900 gm,13.30208,13.327,13.338,13.34,13.33,13.3,13.29,13.29,13.32,13.31,13.26,13.18,13.34
6,2018,دجاج طازج محلي (فقية),Local fresh chicken (Faqih),900 جم,900 gm,13.11758,12.802,12.94,13.042,13.075,13.07,13.083,13.128,13.194,13.256,13.269,13.27,13.282
6,2017,دجاج طازج محلي (فقية),Local fresh chicken (Faqih),900 جم,900 gm,12.32058,12.273,12.312,12.268,12.331,12.397,12.353,12.337,12.336,12.381,12.322,12.306,12.231
6,2016,دجاج طازج محلي (فقية),Local fresh chicken (Faqih),900 جم,900 gm,12.361,12.34,12.465,12.224,12.139,12.288,12.397,12.37,12.387,12.465,12.472,12.424,12.361
6,2015,دجاج طازج محلي (فقية),Local fresh chicken (Faqih),900 جم,900 gm,12.14925,12.209,12.108,12.114,12.095,12.042,12.096,12.066,12.098,12.152,12.253,12.323,12.235
6,2014,دجاج طازج محلي (فقية),Local fresh chicken (Faqih),900 جم,900 gm,12.37258,12.268,12.414,12.436,12.519,12.441,12.461,12.391,12.434,12.345,12.304,12.232,12.226
6,2013,دجاج طازج محلي (فقية),Local fresh chicken (Faqih),900 جم,900 gm,12.36792,12.341,12.306,12.34,12.358,12.377,12.396,12.417,12.399,12.375,12.343,12.422,12.341
6,2012,دجاج طازج محلي (فقية),Local fresh chicken (Faqih),900 جم,900 gm,11.81025,11.588,11.5,11.304,11.471,11.491,11.424,11.597,11.868,12.193,12.559,12.437,12.291
6,2011,دجاج طازج محلي (فقية),Local fresh chicken (Faqih),900 جم,900 gm,11.92533,11.928,11.942,11.957,12.137,12.23,12.228,12.177,11.819,11.733,11.675,11.626,11.652
6,2010,دجاج طازج محلي (فقية),Local fresh chicken (Faqih),900 جم,900 gm,11.12292,10.612,10.661,10.787,10.603,10.769,10.934,11.257,11.447,11.382,11.575,11.674,11.774
6,2009,دجاج طازج محلي (فقية),Local fresh chicken (Faqih),900 جم,900 gm,10.33292,10.445,10.462,10.356,10.278,10.275,10.209,10.27,10.296,10.366,10.343,10.289,10.406
6,2025,دجاج مجمد محلي (الوطنية),Local frozen chicken (Al wataniya),900 جم,900 gm,18.77917,18.83,18.94,19.02,19.01,19.03,18.84,18.75,18.43,18.52,18.55,18.67,18.76
6,2024,دجاج مجمد محلي (الوطنية),Local frozen chicken (Al wataniya),900 جم,900 gm,19.18833,19.21,19.17,19.25,19.28,19.35,19.35,19.32,19.24,19.18,19.06,18.96,18.89
6,2023,دجاج مجمد محلي (الوطنية),Local frozen chicken (Al wataniya),900 جم,900 gm,19.1075,19.32,19.3,19.17,19.19,19.11,18.93,19.01,19.08,19.06,19.0,19.1,19.02
6,2022,دجاج مجمد محلي (الوطنية),Local frozen chicken (Al wataniya),900 جم,900 gm,17.50333,14.27,14.35,14.56,15.99,17.1,18.4,19.0,19.19,19.37,19.33,19.27,19.21
6,2021,دجاج مجمد محلي (الوطنية),Local frozen chicken (Al wataniya),900 جم,900 gm,14.2325,14.18,14.26,14.3,14.18,14.23,14.16,14.29,14.18,14.22,14.27,14.3,14.22
6,2020,دجاج مجمد محلي (الوطنية),Local frozen chicken (Al wataniya),900 جم,900 gm,13.07083,12.0,11.98,12.1,12.19,12.26,12.42,13.69,13.94,14.0,14.0,14.12,14.15
6,2019,دجاج مجمد محلي (الوطنية),Local frozen chicken (Al wataniya),900 جم,900 gm,12.06092,12.066,12.105,12.12,12.12,12.09,12.07,12.08,12.07,12.06,12.01,11.95,11.99
6,2018,دجاج مجمد محلي (الوطنية),Local frozen chicken (Al wataniya),900 جم,900 gm,11.81833,11.578,11.543,11.657,11.659,11.724,11.759,11.869,11.911,11.989,12.073,12.015,12.043
6,2017,دجاج مجمد محلي (الوطنية),Local frozen chicken (Al wataniya),900 جم,900 gm,10.90442,10.927,11.035,10.856,10.965,10.892,10.846,10.898,10.855,10.907,10.904,10.854,10.914
6,2016,دجاج مجمد محلي (الوطنية),Local frozen chicken (Al wataniya),900 جم,900 gm,10.92833,11.658,11.638,11.409,11.05,10.829,10.494,10.373,10.342,10.631,10.958,10.993,10.765
6,2015,دجاج مجمد محلي (الوطنية),Local frozen chicken (Al wataniya),900 جم,900 gm,11.45758,11.532,11.48,11.328,11.282,11.462,11.458,11.433,11.48,11.503,11.45,11.525,11.558
6,2014,دجاج مجمد محلي (الوطنية),Local frozen chicken (Al wataniya),900 جم,900 gm,11.544,11.572,11.51,11.524,11.563,11.523,11.511,11.507,11.549,11.503,11.572,11.616,11.578
6,2013,دجاج مجمد محلي (الوطنية),Local frozen chicken (Al wataniya),900 جم,900 gm,11.84933,11.673,11.927,12.044,12.055,12.083,11.966,11.804,11.779,11.717,11.663,11.816,11.665
6,2012,دجاج مجمد محلي (الوطنية),Local frozen chicken (Al wataniya),900 جم,900 gm,11.23392,10.931,10.869,10.704,10.854,10.827,10.896,10.985,11.172,11.803,12.046,11.942,11.778
6,2011,دجاج مجمد محلي (الوطنية),Local frozen chicken (Al wataniya),900 جم,900 gm,11.41067,11.38,11.409,11.46,11.663,11.698,11.641,11.657,11.42,11.429,11.119,11.098,10.954
6,2010,دجاج مجمد محلي (الوطنية),Local frozen chicken (Al wataniya),900 جم,900 gm,10.0715,9.684,9.678,9.663,9.862,9.869,9.97,10.007,10.065,10.14,10.38,10.511,11.029
6,2009,دجاج مجمد محلي (الوطنية),Local frozen chicken (Al wataniya),900 جم,900 gm,9.64975,9.697,9.783,10.415,9.761,9.474,9.572,9.528,9.497,9.544,9.598,9.367,9.561
6,2025,دجاج مجمد مستورد (دو),imported frozen Chicken (Doux),900 جم,900 gm,18.13583,18.95,18.66,18.35,18.25,18.15,18.07,17.93,17.88,18.05,17.82,17.72,17.8
6,2024,دجاج مجمد مستورد (دو),imported frozen Chicken (Doux),900 جم,900 gm,19.235,19.07,19.2,19.36,19.46,19.43,19.2,19.14,19.15,19.18,19.47,19.0,19.16
6,2023,دجاج مجمد مستورد (دو),imported frozen Chicken (Doux),900 جم,900 gm,18.51833,18.91,18.86,18.62,18.64,18.42,18.46,18.31,18.18,18.2,18.28,18.62,18.72
6,2022,دجاج مجمد مستورد (دو),imported frozen Chicken (Doux),900 جم,900 gm,17.88417,14.46,14.57,15.05,16.33,17.67,19.05,19.75,19.88,19.72,19.63,19.39,19.11
6,2021,دجاج مجمد مستورد (دو),imported frozen Chicken (Doux),900 جم,900 gm,14.39583,14.46,14.31,14.12,14.26,14.27,14.28,14.31,14.52,14.64,14.57,14.52,14.49
6,2020,دجاج مجمد مستورد (دو),imported frozen Chicken (Doux),900 جم,900 gm,13.585,12.42,12.48,12.69,12.79,12.94,13.08,14.35,14.52,14.44,14.45,14.47,14.39
6,2019,دجاج مجمد مستورد (دو),imported frozen Chicken (Doux),900 جم,900 gm,12.49975,12.615,12.602,12.72,12.57,12.57,12.42,12.43,12.49,12.38,12.32,12.39,12.49
6,2018,دجاج مجمد مستورد (دو),imported frozen Chicken (Doux),900 جم,900 gm,11.84158,11.138,11.268,11.33,11.495,11.608,11.558,11.754,12.093,12.238,12.436,12.538,12.643
6,2017,دجاج مجمد مستورد (دو),imported frozen Chicken (Doux),900 جم,900 gm,10.3475,10.365,10.498,10.342,10.402,10.26,10.244,10.209,10.323,10.369,10.332,10.41,10.416
6,2016,دجاج مجمد مستورد (دو),imported frozen Chicken (Doux),900 جم,900 gm,10.401,10.89,10.878,10.514,10.39,10.312,10.383,10.345,10.175,10.305,10.327,10.217,10.076
6,2015,دجاج مجمد مستورد (دو),imported frozen Chicken (Doux),900 جم,900 gm,10.8785,10.886,10.885,10.826,10.866,10.862,10.887,10.815,10.947,10.858,10.81,10.922,10.978
6,2014,دجاج مجمد مستورد (دو),imported frozen Chicken (Doux),900 جم,900 gm,11.08733,11.713,11.509,11.169,11.216,10.986,10.937,10.988,11.037,10.946,10.879,10.825,10.843
6,2013,دجاج مجمد مستورد (دو),imported frozen Chicken (Doux),900 جم,900 gm,12.51517,12.847,13.003,12.902,12.896,12.795,12.616,12.646,12.557,12.265,12.171,11.879,11.605
6,2012,دجاج مجمد مستورد (دو),imported frozen Chicken (Doux),900 جم,900 gm,11.40433,10.685,10.456,10.329,10.546,10.575,10.637,11.14,11.573,12.175,13.174,12.819,12.743
6,2011,دجاج مجمد مستورد (دو),imported frozen Chicken (Doux),900 جم,900 gm,11.484,11.431,11.916,11.607,11.764,11.75,11.629,11.586,11.609,11.527,11.106,11.008,10.875
6,2010,دجاج مجمد مستورد (دو),imported frozen Chicken (Doux),900 جم,900 gm,9.87883,9.267,9.349,9.457,9.47,9.444,9.531,9.512,9.67,10.069,10.607,10.885,11.285
6,2009,دجاج مجمد مستورد (دو),imported frozen Chicken (Doux),900 جم,900 gm,9.39858,10.487,9.975,9.532,9.554,9.146,9.143,9.143,9.05,9.169,9.185,9.176,9.223
6,2025,أفخاذ دجاج طازج (الوطنية),Fresh Chicken Thigh  (Alwatania),450 جم,450 gm,9.75833,9.96,9.73,9.87,9.87,9.88,9.88,9.76,9.7,9.54,9.63,9.6,9.68
6,2024,أفخاذ دجاج طازج (الوطنية),Fresh Chicken Thigh  (Alwatania),450 جم,450 gm,10.30667,10.26,10.56,10.56,10.48,10.36,10.19,10.19,10.17,10.34,10.28,10.2,10.09
6,2023,أفخاذ دجاج طازج (الوطنية),Fresh Chicken Thigh  (Alwatania),450 جم,450 gm,10.18333,10.29,10.19,10.15,10.22,10.17,10.11,9.99,10.04,10.13,10.37,10.31,10.23
6,2022,أفخاذ دجاج طازج (الوطنية),Fresh Chicken Thigh  (Alwatania),450 جم,450 gm,10.25167,9.58,9.65,9.73,9.82,10.22,10.45,10.7,10.88,10.72,10.52,10.47,10.28
6,2021,أفخاذ دجاج طازج (الوطنية),Fresh Chicken Thigh  (Alwatania),450 جم,450 gm,9.22083,9.08,9.06,9.11,9.34,9.4,9.15,9.13,9.31,9.14,9.1,9.26,9.57
6,2020,أفخاذ دجاج طازج (الوطنية),Fresh Chicken Thigh  (Alwatania),450 جم,450 gm,9.27417,9.18,9.05,8.98,9.12,8.97,8.65,9.67,9.9,9.61,9.51,9.38,9.27
6,2019,أفخاذ دجاج طازج (الوطنية),Fresh Chicken Thigh  (Alwatania),450 جم,450 gm,9.5,,,,,,10.14,9.86,9.63,9.17,9.23,9.27,9.2
6,2025,فيليه صدور دجاج طازج (اليوم),fresh Chicken Breast Fillet  (Alyoum),450 جم,450 gm,20.90917,21.06,21.06,21.36,21.41,21.18,21.38,20.56,20.93,20.49,20.57,20.55,20.36
6,2024,فيليه صدور دجاج طازج (اليوم),fresh Chicken Breast Fillet  (Alyoum),450 جم,450 gm,21.40667,21.23,21.37,21.67,21.75,21.33,21.27,21.21,21.37,21.51,21.38,21.53,21.26
6,2023,فيليه صدور دجاج طازج (اليوم),fresh Chicken Breast Fillet  (Alyoum),450 جم,450 gm,21.35083,21.57,21.49,21.51,21.52,21.47,21.34,21.09,20.9,21.4,21.35,21.29,21.28
6,2022,فيليه صدور دجاج طازج (اليوم),fresh Chicken Breast Fillet  (Alyoum),450 جم,450 gm,21.39167,20.26,20.14,20.41,20.73,21.5,22.01,22.15,22.14,22.04,21.97,21.8,21.55
6,2021,فيليه صدور دجاج طازج (اليوم),fresh Chicken Breast Fillet  (Alyoum),450 جم,450 gm,20.165,20.01,19.99,20.01,19.71,19.8,20.01,20.44,20.47,20.36,20.38,20.41,20.39
6,2020,فيليه صدور دجاج طازج (اليوم),fresh Chicken Breast Fillet  (Alyoum),450 جم,450 gm,19.26083,18.18,18.2,18.27,18.49,18.44,18.38,20.1,20.26,20.28,20.28,20.18,20.07
6,2019,فيليه صدور دجاج طازج (اليوم),fresh Chicken Breast Fillet  (Alyoum),450 جم,450 gm,17.72428571428571,,,,,,16.98,17.59,17.56,18.07,17.91,17.85,18.11
6,2025,لحم جمل طازج,Fresh Camel Meat,1 كجم,1 kg,53.38917,54.55,53.55,53.98,53.02,53.2,53.02,53.33,53.05,52.78,53.66,53.36,53.17
6,2024,لحم جمل طازج,Fresh Camel Meat,1 كجم,1 kg,54.91167,55.23,55.15,56.01,55.69,55.53,55.64,55.46,54.96,53.88,54.09,53.36,53.94
6,2023,لحم جمل طازج,Fresh Camel Meat,1 كجم,1 kg,53.86,53.14,52.97,52.69,53.33,53.42,53.97,53.71,53.99,54.09,55.28,54.9,54.83
6,2022,لحم جمل طازج,Fresh Camel Meat,1 كجم,1 kg,52.22583,50.65,51.36,51.77,52.41,52.19,52.21,52.59,52.71,52.58,52.97,52.83,52.44
6,2021,لحم جمل طازج,Fresh Camel Meat,1 كجم,1 kg,49.17167,48.17,48.64,49.03,49.37,49.59,49.03,48.6,49.07,49.16,49.77,49.7,49.93
6,2020,لحم جمل طازج,Fresh Camel Meat,1 كجم,1 kg,45.99667,42.6,43.02,43.68,45.35,45.05,45.23,48.06,47.53,47.36,47.68,48.02,48.38
6,2019,لحم جمل طازج,Fresh Camel Meat,1 كجم,1 kg,40.267,39.023,39.501,39.43,39.96,40.27,39.75,40.16,40.34,40.6,41.02,41.39,41.76
6,2018,لحم جمل طازج,Fresh Camel Meat,1 كجم,1 kg,38.6455,38.682,38.791,38.403,38.412,38.344,38.514,38.715,38.783,38.775,38.731,38.748,38.848
6,2017,لحم جمل طازج,Fresh Camel Meat,1 كجم,1 kg,39.39367,39.825,39.651,39.621,39.392,39.346,39.269,39.604,39.503,39.41,39.219,39.065,38.819
6,2016,لحم جمل طازج,Fresh Camel Meat,1 كجم,1 kg,41.53758,41.85,41.926,42.041,42.139,41.88,41.846,41.744,41.745,41.626,41.478,40.262,39.914
6,2015,لحم جمل طازج,Fresh Camel Meat,1 كجم,1 kg,41.52183,41.547,40.928,41.049,41.265,41.41,41.163,41.528,41.753,41.435,42.003,42.195,41.986
6,2014,لحم جمل طازج,Fresh Camel Meat,1 كجم,1 kg,40.62467,40.686,40.406,40.291,40.329,40.413,40.762,40.621,40.383,40.529,40.783,41.097,41.196
6,2013,لحم جمل طازج,Fresh Camel Meat,1 كجم,1 kg,39.91008,38.495,38.796,39.58,39.87,40.482,40.342,40.181,40.131,40.228,40.463,40.282,40.071
6,2012,لحم جمل طازج,Fresh Camel Meat,1 كجم,1 kg,36.932,35.997,36.071,36.303,36.206,36.391,36.465,36.897,37.088,37.648,37.571,37.893,38.654
6,2011,لحم جمل طازج,Fresh Camel Meat,1 كجم,1 kg,35.13425,34.818,34.544,34.634,34.88,34.739,35.135,35.083,35.214,35.325,35.362,36.187,35.69
6,2010,لحم جمل طازج,Fresh Camel Meat,1 كجم,1 kg,33.04633,32.233,32.142,31.73,32.064,32.169,32.216,32.607,33.833,34.082,34.4,34.379,34.701
6,2009,لحم جمل طازج,Fresh Camel Meat,1 كجم,1 kg,30.85158,29.692,29.816,29.534,30.017,30.338,30.696,30.994,31.964,31.679,32.069,31.732,31.688
6,2025,سمك طازج كنعد,Fresh Fish (Kanaad),1 كجم,1 kg,67.41167,65.04,63.88,63.77,65.34,68.26,69.24,69.56,70.65,71.11,68.32,66.85,66.92
6,2024,سمك طازج كنعد,Fresh Fish (Kanaad),1 كجم,1 kg,64.5325,64.12,63.38,62.56,62.35,65.29,64.72,64.23,66.67,65.59,64.98,65.27,65.23
6,2023,سمك طازج كنعد,Fresh Fish (Kanaad),1 كجم,1 kg,65.3675,63.31,63.47,63.6,65.6,66.7,66.52,65.4,66.02,67.79,66.78,65.45,63.77
6,2022,سمك طازج كنعد,Fresh Fish (Kanaad),1 كجم,1 kg,62.3975,62.55,62.02,62.12,63.4,61.46,61.46,61.13,63.67,62.64,62.69,62.39,63.24
6,2021,سمك طازج كنعد,Fresh Fish (Kanaad),1 كجم,1 kg,60.19,59.14,59.01,58.49,58.2,57.2,57.66,59.47,61.49,63.56,62.63,63.2,62.23
6,2020,سمك طازج كنعد,Fresh Fish (Kanaad),1 كجم,1 kg,57.6675,53.44,53.91,54.62,55.64,54.88,55.56,61.06,62.51,61.73,60.09,59.49,59.08
6,2019,سمك طازج كنعد,Fresh Fish (Kanaad),1 كجم,1 kg,54.23,55.789,55.281,54.94,54.18,54.7,54.64,53.76,53.65,53.12,53.06,53.9,53.74
6,2018,سمك طازج كنعد,Fresh Fish (Kanaad),1 كجم,1 kg,54.00475,54.1,54.825,54.843,53.685,52.498,52.059,53.98,53.928,53.548,54.326,55.192,55.073
6,2017,سمك طازج كنعد,Fresh Fish (Kanaad),1 كجم,1 kg,53.17475,53.568,52.713,52.381,52.745,52.87,52.787,54.161,54.518,53.418,53.144,52.807,52.985
6,2016,سمك طازج كنعد,Fresh Fish (Kanaad),1 كجم,1 kg,55.2285,55.209,56.018,56.42,55.858,53.752,53.369,55.318,57.116,56.053,55.223,54.202,54.204
6,2015,سمك طازج كنعد,Fresh Fish (Kanaad),1 كجم,1 kg,54.04983,50.06,51.313,51.033,50.752,51.259,53.158,56.334,59.656,56.817,55.272,56.379,56.565
6,2014,سمك طازج كنعد,Fresh Fish (Kanaad),1 كجم,1 kg,48.75167,49.591,49.201,49.26,47.529,45.447,46.72,46.56,50.356,51.182,49.975,49.056,50.143
6,2013,سمك طازج كنعد,Fresh Fish (Kanaad),1 كجم,1 kg,44.727,42.198,43.79,43.918,43.816,43.13,43.467,44.828,45.909,45.847,45.603,46.841,47.377
6,2012,سمك طازج كنعد,Fresh Fish (Kanaad),1 كجم,1 kg,42.00292,41.321,42.109,43.037,43.692,41.898,41.538,41.509,42.819,42.226,41.96,40.866,41.06
6,2011,سمك طازج كنعد,Fresh Fish (Kanaad),1 كجم,1 kg,40.43183,38.368,38.464,38.624,39.95,39.082,39.973,41.275,41.839,41.977,41.806,41.814,42.01
6,2010,سمك طازج كنعد,Fresh Fish (Kanaad),1 كجم,1 kg,36.2875,35.934,34.883,35.36,35.325,34.7,35.916,37.085,37.318,37.767,36.447,37.083,37.632
6,2009,سمك طازج كنعد,Fresh Fish (Kanaad),1 كجم,1 kg,34.62608,31.989,33.761,34.032,34.547,32.012,32.431,35.403,38.34,37.88,35.822,33.496,35.8
6,2025,سمك طازج هامور,Fresh Fish  (Grouper),1 كجم,1 kg,56.2525,54.82,54.96,53.5,55.25,57.52,57.69,58.03,57.62,58.2,56.39,55.43,55.62
6,2024,سمك طازج هامور,Fresh Fish  (Grouper),1 كجم,1 kg,53.39917,53.53,52.6,52.28,51.88,55.55,53.81,52.95,53.62,53.81,53.34,52.78,54.64
6,2023,سمك طازج هامور,Fresh Fish  (Grouper),1 كجم,1 kg,54.74583,54.08,53.92,54.14,54.53,56.03,55.68,54.47,55.37,55.54,55.08,54.91,53.2
6,2022,سمك طازج هامور,Fresh Fish  (Grouper),1 كجم,1 kg,52.94583,52.56,52.36,52.58,52.57,52.0,53.24,53.09,53.3,53.69,53.38,53.01,53.57
6,2021,سمك طازج هامور,Fresh Fish  (Grouper),1 كجم,1 kg,51.53417,51.99,50.37,50.03,49.85,49.68,50.81,51.45,51.98,53.76,52.57,53.05,52.87
6,2020,سمك طازج هامور,Fresh Fish  (Grouper),1 كجم,1 kg,48.70417,45.73,45.3,46.4,46.1,46.06,46.68,50.19,51.56,51.74,51.48,51.49,51.72
6,2019,سمك طازج هامور,Fresh Fish  (Grouper),1 كجم,1 kg,45.27192,45.708,45.355,44.76,44.59,44.03,44.43,45.75,45.49,45.25,46.01,45.96,45.93
6,2018,سمك طازج هامور,Fresh Fish  (Grouper),1 كجم,1 kg,44.72742,45.583,45.42,44.283,43.27,43.445,43.61,45.232,45.392,44.759,44.857,45.897,44.981
6,2017,سمك طازج هامور,Fresh Fish  (Grouper),1 كجم,1 kg,43.74975,43.201,44.271,44.002,44.046,43.663,43.11,44.594,44.213,43.553,43.748,42.692,43.904
6,2016,سمك طازج هامور,Fresh Fish  (Grouper),1 كجم,1 kg,46.104,47.323,47.611,47.154,46.72,45.241,45.685,46.588,46.428,46.07,45.57,44.441,44.417
6,2015,سمك طازج هامور,Fresh Fish  (Grouper),1 كجم,1 kg,44.67442,40.517,42.422,41.038,40.259,43.705,45.134,45.697,48.287,47.31,46.534,46.848,48.342
6,2014,سمك طازج هامور,Fresh Fish  (Grouper),1 كجم,1 kg,39.90592,40.964,40.077,39.67,37.787,37.638,38.685,37.826,40.588,41.915,40.995,41.662,41.064
6,2013,سمك طازج هامور,Fresh Fish  (Grouper),1 كجم,1 kg,37.07992,37.402,37.394,36.719,35.853,36.045,36.61,36.068,37.673,37.421,37.099,38.287,38.388
6,2012,سمك طازج هامور,Fresh Fish  (Grouper),1 كجم,1 kg,35.98175,35.51,35.979,37.002,36.289,34.953,34.5,34.876,36.898,36.569,36.431,36.307,36.467
6,2011,سمك طازج هامور,Fresh Fish  (Grouper),1 كجم,1 kg,33.84875,32.901,32.93,32.533,32.606,32.054,32.949,33.736,33.148,35.721,35.795,35.877,35.935
6,2010,سمك طازج هامور,Fresh Fish  (Grouper),1 كجم,1 kg,30.38125,28.896,28.109,28.77,28.755,29.333,29.939,32.491,31.744,31.496,31.807,31.423,31.812
6,2009,سمك طازج هامور,Fresh Fish  (Grouper),1 كجم,1 kg,28.09358,26.781,26.806,26.453,26.564,26.527,26.765,29.744,31.187,30.021,29.442,27.858,28.975
6,2025,روبيان طازج مقشر,Fresh peeled Shrimp,1 كجم,1 kg,78.19667,78.08,79.02,75.55,75.98,79.3,79.55,80.25,78.3,78.3,78.68,77.42,77.93
6,2024,روبيان طازج مقشر,Fresh peeled Shrimp,1 كجم,1 kg,74.8925,77.52,75.96,76.11,73.58,75.24,74.59,76.49,75.56,74.18,72.69,72.16,74.63
6,2023,روبيان طازج مقشر,Fresh peeled Shrimp,1 كجم,1 kg,77.6375,77.2,78.66,78.17,78.13,79.29,78.61,77.99,77.69,76.52,75.49,77.07,76.83
6,2022,روبيان طازج مقشر,Fresh peeled Shrimp,1 كجم,1 kg,75.97333,75.85,76.45,76.77,77.49,75.34,74.4,75.87,76.15,75.57,75.7,75.87,76.22
6,2021,روبيان طازج مقشر,Fresh peeled Shrimp,1 كجم,1 kg,75.00417,73.55,74.76,75.19,74.8,74.96,75.07,78.14,75.83,75.17,74.3,73.92,74.36
6,2020,روبيان طازج مقشر,Fresh peeled Shrimp,1 كجم,1 kg,73.05667,71.25,73.25,73.28,73.66,72.7,72.59,75.63,74.28,73.48,73.13,71.39,72.04
6,2019,روبيان طازج مقشر,Fresh peeled Shrimp,1 كجم,1 kg,74.92483,76.802,77.146,76.22,75.7,77.29,76.51,75.73,73.39,73.36,73.88,71.39,71.68
6,2018,روبيان طازج مقشر,Fresh peeled Shrimp,1 كجم,1 kg,75.8585,76.532,77.011,77.415,77.035,77.439,77.037,75.154,74.221,73.702,74.069,74.652,76.035
6,2017,روبيان طازج مقشر,Fresh peeled Shrimp,1 كجم,1 kg,75.21208,75.101,76.488,77.878,78.632,76.445,75.833,77.003,73.158,73.035,72.368,72.777,73.827
6,2016,روبيان طازج مقشر,Fresh peeled Shrimp,1 كجم,1 kg,76.51292,79.728,79.816,79.133,78.808,77.203,77.195,77.458,74.245,74.722,73.05,73.37,73.427
6,2015,روبيان طازج مقشر,Fresh peeled Shrimp,1 كجم,1 kg,79.9205,79.229,82.878,83.272,81.728,81.886,81.738,80.214,76.837,75.491,76.972,79.187,79.614
6,2014,روبيان طازج مقشر,Fresh peeled Shrimp,1 كجم,1 kg,79.34292,75.48,78.101,83.656,83.441,84.491,82.753,81.987,78.222,76.046,75.741,75.979,76.218
6,2013,روبيان طازج مقشر,Fresh peeled Shrimp,1 كجم,1 kg,71.09317,68.574,70.657,71.871,74.269,72.358,71.599,73.237,70.15,67.452,68.726,71.999,72.226
6,2012,روبيان طازج مقشر,Fresh peeled Shrimp,1 كجم,1 kg,67.09367,65.525,65.463,68.887,68.823,69.402,71.362,70.421,66.363,63.019,64.685,64.825,66.349
6,2011,روبيان طازج مقشر,Fresh peeled Shrimp,1 كجم,1 kg,58.53392,57.235,57.002,57.475,57.834,57.842,59.442,62.018,58.139,56.689,58.385,59.945,60.401
6,2010,روبيان طازج مقشر,Fresh peeled Shrimp,1 كجم,1 kg,51.05558,45.818,45.939,44.262,44.936,54.508,55.313,54.824,52.62,51.475,53.418,54.607,54.947
6,2009,روبيان طازج مقشر,Fresh peeled Shrimp,1 كجم,1 kg,41.30517,40.271,40.553,40.348,40.86,41.461,41.817,42.868,40.894,41.149,40.615,40.935,43.891
6,2025,حليب طازج محلي (المراعي),Local Fresh Milk (Al Marai),1 لتر,1 L,6.0,6.0,6.0,6.0,6.0,6.0,6.0,6.0,6.0,6.0,6.0,6.0,6.0
6,2024,حليب طازج محلي (المراعي),Local Fresh Milk (Al Marai),1 لتر,1 L,5.99667,6.0,6.0,5.99,5.99,5.99,5.99,6.0,6.0,6.0,6.0,6.0,6.0
6,2023,حليب طازج محلي (المراعي),Local Fresh Milk (Al Marai),1 لتر,1 L,5.99417,6.0,6.0,6.0,6.0,6.0,6.0,6.0,6.0,5.99,5.98,5.96,6.0
6,2022,حليب طازج محلي (المراعي),Local Fresh Milk (Al Marai),1 لتر,1 L,5.9775,5.84,5.9,5.98,6.0,5.97,6.01,6.01,6.01,6.01,6.0,6.0,6.0
6,2021,حليب طازج محلي (المراعي),Local Fresh Milk (Al Marai),1 لتر,1 L,5.25833,5.0,5.0,5.03,5.02,5.02,5.03,5.5,5.5,5.5,5.5,5.5,5.5
6,2020,حليب طازج محلي (المراعي),Local Fresh Milk (Al Marai),1 لتر,1 L,4.75667,4.52,4.52,4.52,4.51,4.52,4.52,4.98,4.99,5.0,5.0,5.0,5.0
6,2019,حليب طازج محلي (المراعي),Local Fresh Milk (Al Marai),1 لتر,1 L,4.52517,4.526,4.526,4.53,4.53,4.53,4.53,4.52,4.52,4.52,4.52,4.53,4.52
6,2018,حليب طازج محلي (المراعي),Local Fresh Milk (Al Marai),1 لتر,1 L,4.35117,4.145,4.177,4.178,4.189,4.232,4.244,4.436,4.518,4.521,4.522,4.526,4.526
6,2017,حليب طازج محلي (المراعي),Local Fresh Milk (Al Marai),1 لتر,1 L,4.0,4.0,4.0,4.0,4.0,4.0,4.0,4.0,4.0,4.0,4.0,4.0,4.0
6,2016,حليب طازج محلي (المراعي),Local Fresh Milk (Al Marai),1 لتر,1 L,4.0,4.0,4.0,4.0,4.0,4.0,4.0,4.0,4.0,4.0,4.0,4.0,4.0
6,2015,حليب طازج محلي (المراعي),Local Fresh Milk (Al Marai),1 لتر,1 L,4.0,4.0,4.0,4.0,4.0,4.0,4.0,4.0,4.0,4.0,4.0,4.0,4.0
6,2014,حليب طازج محلي (المراعي),Local Fresh Milk (Al Marai),1 لتر,1 L,4.0,4.0,4.0,4.0,4.0,4.0,4.0,4.0,4.0,4.0,4.0,4.0,4.0
6,2013,حليب طازج محلي (المراعي),Local Fresh Milk (Al Marai),1 لتر,1 L,4.0,4.0,4.0,4.0,4.0,4.0,4.0,4.0,4.0,4.0,4.0,4.0,4.0
6,2012,حليب طازج محلي (المراعي),Local Fresh Milk (Al Marai),1 لتر,1 L,4.0,4.0,4.0,4.0,4.0,4.0,4.0,4.0,4.0,4.0,4.0,4.0,4.0
6,2011,حليب طازج محلي (المراعي),Local Fresh Milk (Al Marai),1 لتر,1 L,4.0,4.0,4.0,4.0,4.0,4.0,4.0,4.0,4.0,4.0,4.0,4.0,4.0
6,2010,حليب طازج محلي (المراعي),Local Fresh Milk (Al Marai),1 لتر,1 L,4.0,4.0,4.0,4.0,4.0,4.0,4.0,4.0,4.0,4.0,4.0,4.0,4.0
6,2009,حليب طازج محلي (المراعي),Local Fresh Milk (Al Marai),1 لتر,1 L,3.99917,4.023,4.0,4.0,3.967,4.0,4.0,4.0,4.0,4.0,4.0,4.0,4.0
6,2025,حليب سائل معلب (بوني),Evaporated Milk  (Boni),170 جم,170 gm,3.6975,3.71,3.66,3.7,3.66,3.67,3.71,3.74,3.74,3.71,3.71,3.7,3.66
6,2024,حليب سائل معلب (بوني),Evaporated Milk  (Boni),170 جم,170 gm,3.685,3.68,3.68,3.71,3.67,3.68,3.7,3.67,3.7,3.65,3.7,3.68,3.7
6,2023,حليب سائل معلب (بوني),Evaporated Milk  (Boni),170 جم,170 gm,3.74167,3.66,3.7,3.75,3.73,3.73,3.74,3.72,3.72,3.75,3.77,3.83,3.8
6,2022,حليب سائل معلب (بوني),Evaporated Milk  (Boni),170 جم,170 gm,3.3275,3.12,3.15,3.15,3.22,3.24,3.31,3.34,3.4,3.4,3.49,3.54,3.57
6,2021,حليب سائل معلب (بوني),Evaporated Milk  (Boni),170 جم,170 gm,3.05917,3.02,2.99,3.05,3.06,3.1,3.1,3.02,3.07,3.05,3.06,3.1,3.09
6,2020,حليب سائل معلب (بوني),Evaporated Milk  (Boni),170 جم,170 gm,2.93083,2.78,2.77,2.77,2.79,2.8,2.84,3.07,3.04,3.06,3.09,3.08,3.08
6,2019,حليب سائل معلب (بوني),Evaporated Milk  (Boni),170 جم,170 gm,2.73108,2.685,2.668,2.7,2.73,2.72,2.71,2.74,2.74,2.74,2.76,2.78,2.8
6,2018,حليب سائل معلب (بوني),Evaporated Milk  (Boni),170 جم,170 gm,2.69217,2.709,2.699,2.743,2.709,2.702,2.72,2.673,2.671,2.683,2.651,2.683,2.663
6,2017,حليب سائل معلب (بوني),Evaporated Milk  (Boni),170 جم,170 gm,2.58183,2.573,2.579,2.578,2.586,2.589,2.597,2.6,2.582,2.559,2.577,2.572,2.59
6,2016,حليب سائل معلب (بوني),Evaporated Milk  (Boni),170 جم,170 gm,2.56392,2.581,2.582,2.582,2.562,2.547,2.564,2.567,2.56,2.567,2.563,2.548,2.544
6,2015,حليب سائل معلب (بوني),Evaporated Milk  (Boni),170 جم,170 gm,2.59158,2.579,2.579,2.604,2.619,2.613,2.598,2.608,2.58,2.583,2.563,2.59,2.583
6,2014,حليب سائل معلب (بوني),Evaporated Milk  (Boni),170 جم,170 gm,2.513,2.445,2.477,2.486,2.47,2.486,2.502,2.491,2.57,2.515,2.537,2.592,2.585
6,2013,حليب سائل معلب (بوني),Evaporated Milk  (Boni),170 جم,170 gm,2.40383,2.393,2.366,2.388,2.387,2.39,2.393,2.423,2.415,2.401,2.415,2.455,2.42
6,2012,حليب سائل معلب (بوني),Evaporated Milk  (Boni),170 جم,170 gm,2.336,2.286,2.33,2.302,2.294,2.354,2.336,2.308,2.359,2.388,2.338,2.38,2.357
6,2011,حليب سائل معلب (بوني),Evaporated Milk  (Boni),170 جم,170 gm,2.13192,1.977,1.984,2.036,2.059,2.036,2.116,2.218,2.253,2.25,2.223,2.216,2.215
6,2010,حليب سائل معلب (بوني),Evaporated Milk  (Boni),170 جم,170 gm,1.96333,1.952,1.963,1.963,1.942,1.988,1.958,1.957,1.958,1.97,1.958,1.975,1.976
6,2009,حليب سائل معلب (بوني),Evaporated Milk  (Boni),170 جم,170 gm,1.95108,1.976,1.994,1.944,2.007,1.914,1.966,1.951,1.958,1.944,1.933,1.917,1.909
6,2025,حليب بودرة معلب (نيدو),Powder Milk (Nido),1.8 كجم,1.8 kg,83.7675,83.8,84.67,84.69,83.97,83.61,83.44,83.6,83.67,83.66,82.95,83.47,83.68
6,2024,حليب بودرة معلب (نيدو),Powder Milk (Nido),1.8 كجم,1.8 kg,85.63333,87.13,86.22,86.08,86.03,85.24,85.44,84.89,85.31,85.38,84.97,85.85,85.06
6,2023,حليب بودرة معلب (نيدو),Powder Milk (Nido),1.8 كجم,1.8 kg,85.74167,84.27,84.54,84.74,84.31,84.75,84.76,86.04,87.07,87.21,87.15,86.91,87.15
6,2022,حليب بودرة معلب (نيدو),Powder Milk (Nido),1.8 كجم,1.8 kg,75.39333,65.54,68.18,69.86,70.3,73.69,76.11,78.49,79.02,80.11,80.85,80.94,81.63
6,2021,حليب بودرة معلب (نيدو),Powder Milk (Nido),1.8 كجم,1.8 kg,62.44,62.74,62.82,63.09,61.53,61.67,62.02,61.53,62.29,62.56,63.03,62.57,63.43
6,2020,حليب بودرة معلب (نيدو),Powder Milk (Nido),1.8 كجم,1.8 kg,60.47083,56.43,55.89,56.3,56.32,57.31,58.34,64.39,64.34,64.15,64.11,64.29,63.78
6,2019,حليب بودرة معلب (نيدو),Powder Milk (Nido),1.8 كجم,1.8 kg,56.30917,57.958,57.522,57.16,56.0,55.01,55.73,55.45,56.54,56.2,56.71,55.3,56.13
6,2018,حليب بودرة معلب (نيدو),Powder Milk (Nido),1.8 كجم,1.8 kg,57.82308,58.015,58.743,58.681,58.975,57.389,57.375,57.182,57.64,57.548,57.856,57.324,57.149
6,2017,حليب بودرة معلب (نيدو),Powder Milk (Nido),1.8 كجم,1.8 kg,51.59325,51.12,50.314,49.917,49.798,50.133,50.377,50.516,51.395,52.258,53.945,54.121,55.225
6,2016,حليب بودرة معلب (نيدو),Powder Milk (Nido),1.8 كجم,1.8 kg,55.478,57.93,57.788,57.349,56.654,56.426,56.796,55.629,55.427,54.621,53.455,52.186,51.475
6,2015,حليب بودرة معلب (نيدو),Powder Milk (Nido),1.8 كجم,1.8 kg,63.30833,64.255,64.971,64.73,64.988,64.519,64.725,64.822,64.721,62.61,61.034,59.602,58.723
6,2014,حليب بودرة معلب (نيدو),Powder Milk (Nido),1.8 كجم,1.8 kg,63.46342,61.481,62.396,62.788,63.222,63.46,63.249,63.993,63.929,64.264,64.092,64.768,63.919
6,2013,حليب بودرة معلب (نيدو),Powder Milk (Nido),1.8 كجم,1.8 kg,60.03925,59.184,59.29,59.388,59.322,59.462,59.231,59.805,60.716,60.729,61.021,61.258,61.065
6,2012,حليب بودرة معلب (نيدو),Powder Milk (Nido),1.8 كجم,1.8 kg,58.8625,58.692,58.739,58.84,58.846,59.036,58.888,58.952,58.961,59.063,58.943,58.61,58.78
6,2011,حليب بودرة معلب (نيدو),Powder Milk (Nido),1.8 كجم,1.8 kg,56.37233,53.494,54.047,54.663,55.531,55.306,55.769,56.378,57.513,58.12,58.447,58.617,58.583
6,2010,حليب بودرة معلب (نيدو),Powder Milk (Nido),1.8 كجم,1.8 kg,52.74575,52.399,52.209,52.055,52.048,52.154,52.31,52.735,53.256,52.972,53.619,53.494,53.698
6,2009,حليب بودرة معلب (نيدو),Powder Milk (Nido),1.8 كجم,1.8 kg,53.41508,61.799,53.871,52.965,52.786,52.665,52.668,52.416,52.364,52.561,52.282,52.333,52.271
6,2025,قشطة التاج,"Cream, (Al Tag)",155 جم,155 gm,6.4,6.42,6.41,6.39,6.39,6.34,6.43,6.42,6.41,6.39,6.38,6.41,6.41
6,2024,قشطة التاج,"Cream, (Al Tag)",155 جم,155 gm,6.46667,6.48,6.47,6.41,6.45,6.5,6.49,6.45,6.5,6.49,6.49,6.44,6.43
6,2023,قشطة التاج,"Cream, (Al Tag)",155 جم,155 gm,6.34,6.17,6.14,6.3,6.26,6.36,6.36,6.35,6.36,6.4,6.43,6.52,6.43
6,2022,قشطة التاج,"Cream, (Al Tag)",155 جم,155 gm,5.7125,5.19,5.35,5.57,5.64,5.68,5.75,5.78,5.86,5.9,5.88,6.0,5.95
6,2021,قشطة التاج,"Cream, (Al Tag)",155 جم,155 gm,5.1175,5.11,5.13,5.12,5.14,5.12,5.11,5.1,5.09,5.15,5.08,5.15,5.11
6,2020,قشطة التاج,"Cream, (Al Tag)",155 جم,155 gm,4.8825,4.63,4.61,4.59,4.59,4.65,4.68,5.16,5.15,5.1,5.18,5.11,5.14
6,2019,قشطة التاج,"Cream, (Al Tag)",155 جم,155 gm,4.66308,4.695,4.692,4.7,4.7,4.64,4.7,4.71,4.67,4.65,4.62,4.6,4.58
6,2018,قشطة التاج,"Cream, (Al Tag)",155 جم,155 gm,4.64508,4.613,4.583,4.567,4.605,4.61,4.657,4.675,4.69,4.657,4.69,4.704,4.69
6,2017,قشطة التاج,"Cream, (Al Tag)",155 جم,155 gm,4.4925,4.485,4.504,4.482,4.468,4.503,4.519,4.511,4.506,4.495,4.458,4.484,4.495
6,2016,قشطة التاج,"Cream, (Al Tag)",155 جم,155 gm,4.5065,4.495,4.5,4.495,4.509,4.514,4.51,4.515,4.518,4.529,4.518,4.484,4.491
6,2015,قشطة التاج,"Cream, (Al Tag)",155 جم,155 gm,4.48508,4.438,4.449,4.472,4.475,4.494,4.466,4.505,4.502,4.521,4.49,4.492,4.517
6,2014,قشطة التاج,"Cream, (Al Tag)",155 جم,155 gm,4.43033,4.406,4.413,4.425,4.414,4.44,4.444,4.422,4.449,4.434,4.411,4.476,4.43
6,2013,قشطة التاج,"Cream, (Al Tag)",155 جم,155 gm,4.41975,4.407,4.403,4.428,4.438,4.419,4.442,4.425,4.426,4.403,4.421,4.411,4.414
6,2012,قشطة التاج,"Cream, (Al Tag)",155 جم,155 gm,4.34817,4.379,4.417,4.326,4.372,4.406,4.397,4.292,4.279,4.252,4.392,4.321,4.345
6,2011,قشطة التاج,"Cream, (Al Tag)",155 جم,155 gm,4.35583,4.321,4.351,4.37,4.333,4.245,4.32,4.365,4.368,4.385,4.416,4.378,4.418
6,2010,قشطة التاج,"Cream, (Al Tag)",155 جم,155 gm,4.26425,4.179,4.252,4.259,4.227,4.276,4.237,4.24,4.281,4.305,4.298,4.327,4.29
6,2009,قشطة التاج,"Cream, (Al Tag)",155 جم,155 gm,4.30467,4.356,4.321,4.303,4.322,4.31,4.29,4.231,4.307,4.297,4.272,4.308,4.339
6,2025,جبن كاسات محلي (المراعي),Local glass Cheese  (Al Marai),500 جم,500 gm,16.8175,17.5,17.36,16.84,17.12,16.93,17.0,16.87,16.78,16.71,16.0,16.52,16.18
6,2024,جبن كاسات محلي (المراعي),Local glass Cheese  (Al Marai),500 جم,500 gm,18.96583,20.33,19.41,19.5,19.59,19.82,19.87,19.67,18.68,17.73,17.73,17.63,17.63
6,2023,جبن كاسات محلي (المراعي),Local glass Cheese  (Al Marai),500 جم,500 gm,20.30333,20.38,20.4,20.33,20.4,20.23,20.16,20.15,20.0,20.05,20.6,20.58,20.36
6,2022,جبن كاسات محلي (المراعي),Local glass Cheese  (Al Marai),500 جم,500 gm,19.0375,16.74,17.63,18.16,18.67,19.32,19.42,19.11,19.83,20.11,19.31,19.95,20.2
6,2021,جبن كاسات محلي (المراعي),Local glass Cheese  (Al Marai),500 جم,500 gm,15.925,16.79,16.15,16.0,15.62,15.61,15.71,15.14,15.42,16.06,15.85,16.25,16.5
6,2020,جبن كاسات محلي (المراعي),Local glass Cheese  (Al Marai),500 جم,500 gm,16.18083,15.45,15.18,14.97,15.49,15.59,15.34,17.15,17.06,17.21,17.1,16.94,16.69
6,2019,جبن كاسات محلي (المراعي),Local glass Cheese  (Al Marai),500 جم,500 gm,15.21992,15.193,15.026,15.06,15.31,15.01,15.35,14.87,15.3,15.44,15.39,15.36,15.33
6,2018,جبن كاسات محلي (المراعي),Local glass Cheese  (Al Marai),500 جم,500 gm,15.40075,15.338,15.221,15.488,15.361,15.515,15.249,15.534,15.501,15.497,15.533,15.138,15.434
6,2017,جبن كاسات محلي (المراعي),Local glass Cheese  (Al Marai),500 جم,500 gm,14.71617,14.73,14.824,14.669,14.837,14.748,14.495,14.764,14.685,14.698,14.737,14.736,14.671
6,2016,جبن كاسات محلي (المراعي),Local glass Cheese  (Al Marai),500 جم,500 gm,10.73367,5.056,5.056,5.046,5.073,5.058,14.871,14.852,14.686,14.859,14.805,14.743,14.699
6,2015,جبن كاسات محلي (المراعي),Local glass Cheese  (Al Marai),140 جم,500 gm,5.10058,5.052,5.041,5.047,5.077,5.159,5.129,5.127,5.13,5.129,5.13,5.122,5.064
6,2014,جبن كاسات محلي (المراعي),Local glass Cheese  (Al Marai),140 جم,500 gm,5.07833,5.028,5.062,5.054,5.097,5.062,5.077,5.075,5.118,5.119,5.139,5.049,5.06
6,2013,جبن كاسات محلي (المراعي),Local glass Cheese  (Al Marai),140 جم,500 gm,5.064,5.042,5.058,5.059,5.06,5.045,5.073,5.065,5.069,5.123,5.045,5.045,5.084
6,2012,جبن كاسات محلي (المراعي),Local glass Cheese  (Al Marai),140 جم,500 gm,5.062,5.045,5.059,5.109,5.046,5.045,5.073,5.073,5.027,5.022,5.071,5.076,5.098
6,2011,جبن كاسات محلي (المراعي),Local glass Cheese  (Al Marai),140 جم,500 gm,5.06633,5.041,5.088,5.092,5.085,5.085,5.051,5.054,5.044,5.048,5.081,5.097,5.03
6,2010,جبن كاسات محلي (المراعي),Local glass Cheese  (Al Marai),140 جم,500 gm,5.0385,5.12,5.069,5.066,5.053,5.021,4.973,5.007,5.017,5.106,5.007,4.999,5.024
6,2009,جبن كاسات محلي (المراعي),Local glass Cheese  (Al Marai),140 جم,500 gm,5.07367,5.193,5.094,5.059,5.071,5.004,5.071,5.068,5.056,5.104,5.002,5.114,5.048
6,2025,جبن كاسات مستورد (كرفت),"imported glass Cheese, (Kraft)",140 جم,140 gm,8.15917,8.01,8.01,8.1,8.04,8.11,8.32,8.31,8.3,8.25,8.11,8.25,8.1
6,2024,جبن كاسات مستورد (كرفت),"imported glass Cheese, (Kraft)",140 جم,140 gm,7.81667,7.82,7.85,7.8,7.78,7.81,7.8,7.79,7.81,7.78,7.79,7.84,7.93
6,2023,جبن كاسات مستورد (كرفت),"imported glass Cheese, (Kraft)",140 جم,140 gm,7.80917,7.77,7.84,7.8,7.77,7.81,7.8,7.81,7.8,7.84,7.83,7.83,7.81
6,2022,جبن كاسات مستورد (كرفت),"imported glass Cheese, (Kraft)",140 جم,140 gm,7.3875,7.07,7.08,7.12,7.18,7.28,7.37,7.41,7.56,7.55,7.61,7.69,7.73
6,2021,جبن كاسات مستورد (كرفت),"imported glass Cheese, (Kraft)",140 جم,140 gm,6.99417,6.99,7.0,6.99,6.98,6.97,6.96,7.03,7.0,6.98,6.97,7.03,7.03
6,2020,جبن كاسات مستورد (كرفت),"imported glass Cheese, (Kraft)",140 جم,140 gm,6.63083,6.24,6.27,6.26,6.27,6.29,6.3,6.86,7.02,6.99,7.02,7.04,7.01
6,2019,جبن كاسات مستورد (كرفت),"imported glass Cheese, (Kraft)",140 جم,140 gm,6.26225,6.244,6.263,6.22,6.26,6.27,6.24,6.25,6.28,6.27,6.32,6.27,6.26
6,2018,جبن كاسات مستورد (كرفت),"imported glass Cheese, (Kraft)",140 جم,140 gm,6.21533,6.157,6.163,6.23,6.196,6.208,6.211,6.212,6.212,6.231,6.262,6.245,6.257
6,2017,جبن كاسات مستورد (كرفت),"imported glass Cheese, (Kraft)",140 جم,140 gm,5.92383,5.952,5.944,5.93,5.911,5.893,5.915,5.893,5.913,5.934,5.935,5.919,5.947
6,2016,جبن كاسات مستورد (كرفت),"imported glass Cheese, (Kraft)",140 جم,140 gm,5.92592,5.942,5.927,5.93,5.928,5.936,5.915,5.931,5.928,5.922,5.933,5.934,5.885
6,2015,جبن كاسات مستورد (كرفت),"imported glass Cheese, (Kraft)",140 جم,140 gm,5.91233,5.846,5.918,5.873,5.918,5.938,5.948,5.942,5.906,5.927,5.906,5.927,5.899
6,2014,جبن كاسات مستورد (كرفت),"imported glass Cheese, (Kraft)",140 جم,140 gm,5.88725,5.892,5.871,5.877,5.904,5.908,5.875,5.772,5.953,5.884,5.882,5.93,5.899
6,2013,جبن كاسات مستورد (كرفت),"imported glass Cheese, (Kraft)",140 جم,140 gm,5.91692,5.927,5.915,5.866,5.932,5.935,5.941,5.922,5.935,5.901,5.918,5.929,5.882
6,2012,جبن كاسات مستورد (كرفت),"imported glass Cheese, (Kraft)",140 جم,140 gm,5.89,5.913,5.946,5.893,5.835,5.909,5.911,5.858,5.924,5.905,5.923,5.801,5.862
6,2011,جبن كاسات مستورد (كرفت),"imported glass Cheese, (Kraft)",140 جم,140 gm,5.90492,5.878,5.877,5.94,5.937,5.936,5.912,5.894,5.901,5.9,5.914,5.845,5.925
6,2010,جبن كاسات مستورد (كرفت),"imported glass Cheese, (Kraft)",140 جم,140 gm,5.86767,5.808,5.815,5.814,5.854,5.916,5.92,5.903,5.875,5.832,5.875,5.915,5.885
6,2009,جبن كاسات مستورد (كرفت),"imported glass Cheese, (Kraft)",140 جم,140 gm,5.85542,5.902,5.871,5.86,5.903,5.91,5.827,5.734,5.831,5.949,5.831,5.764,5.883
6,2025,جبن مثلثات (لافش كيري),triangle Cheese (Lavache quri),120 جم,120 gm,5.2925,5.24,5.24,5.23,5.2,5.26,5.32,5.3,5.35,5.38,5.3,5.36,5.33
6,2024,جبن مثلثات (لافش كيري),triangle Cheese (Lavache quri),120 جم,120 gm,5.32333,5.45,5.47,5.4,5.36,5.37,5.35,5.37,5.33,5.27,5.28,5.09,5.14
6,2023,جبن مثلثات (لافش كيري),triangle Cheese (Lavache quri),120 جم,120 gm,5.40833,5.32,5.39,5.37,5.42,5.44,5.45,5.47,5.44,5.4,5.43,5.42,5.35
6,2022,جبن مثلثات (لافش كيري),triangle Cheese (Lavache quri),120 جم,120 gm,4.98583,4.63,4.72,4.74,4.87,4.89,4.99,5.01,5.09,5.13,5.18,5.26,5.32
6,2021,جبن مثلثات (لافش كيري),triangle Cheese (Lavache quri),120 جم,120 gm,4.42083,4.42,4.43,4.43,4.43,4.39,4.44,4.44,4.38,4.36,4.38,4.47,4.48
6,2020,جبن مثلثات (لافش كيري),triangle Cheese (Lavache quri),120 جم,120 gm,4.18417,3.97,3.97,3.96,4.0,3.98,4.0,4.4,4.34,4.38,4.39,4.39,4.43
6,2019,جبن مثلثات (لافش كيري),triangle Cheese (Lavache quri),120 جم,120 gm,3.92158,3.929,3.92,3.91,3.96,3.92,3.89,3.91,3.88,3.91,3.92,3.94,3.97
6,2018,جبن مثلثات (لافش كيري),triangle Cheese (Lavache quri),120 جم,120 gm,3.91492,3.83,3.888,3.923,3.924,3.92,3.93,3.945,3.934,3.923,3.924,3.925,3.913
6,2017,جبن مثلثات (لافش كيري),triangle Cheese (Lavache quri),120 جم,120 gm,3.687,3.722,3.685,3.69,3.685,3.702,3.661,3.662,3.673,3.691,3.683,3.68,3.71
6,2016,جبن مثلثات (لافش كيري),triangle Cheese (Lavache quri),120 جم,120 gm,3.68167,3.682,3.688,3.685,3.681,3.678,3.662,3.666,3.677,3.677,3.674,3.703,3.707
6,2015,جبن مثلثات (لافش كيري),triangle Cheese (Lavache quri),120 جم,120 gm,3.68858,3.623,3.627,3.672,3.705,3.673,3.684,3.702,3.747,3.708,3.711,3.693,3.718
6,2014,جبن مثلثات (لافش كيري),triangle Cheese (Lavache quri),120 جم,120 gm,3.649,3.631,3.648,3.641,3.643,3.617,3.702,3.669,3.69,3.627,3.643,3.632,3.645
6,2013,جبن مثلثات (لافش كيري),triangle Cheese (Lavache quri),120 جم,120 gm,3.70008,3.79,3.742,3.732,3.675,3.688,3.661,3.704,3.661,3.662,3.668,3.716,3.702
6,2012,جبن مثلثات (لافش كيري),triangle Cheese (Lavache quri),120 جم,120 gm,3.8705,3.845,3.886,3.862,3.842,3.896,3.905,3.938,3.9,3.928,3.879,3.807,3.758
6,2011,جبن مثلثات (لافش كيري),triangle Cheese (Lavache quri),120 جم,120 gm,3.55608,3.524,3.497,3.516,3.496,3.553,3.553,3.539,3.523,3.569,3.561,3.611,3.731
6,2010,جبن مثلثات (لافش كيري),triangle Cheese (Lavache quri),120 جم,120 gm,3.50725,3.506,3.509,3.509,3.502,3.517,3.485,3.509,3.502,3.513,3.498,3.513,3.524
6,2009,جبن مثلثات (لافش كيري),triangle Cheese (Lavache quri),120 جم,120 gm,3.57708,3.455,3.515,3.526,3.605,3.457,3.513,3.448,3.541,3.771,3.543,3.46,4.091
6,2025,جبن شيدر علب (كرفت),Cheddar Cheese (Kraft),100 جم,100 gm,6.82417,6.98,6.98,6.88,6.89,6.63,6.77,6.71,6.78,6.81,6.81,6.85,6.8
6,2024,جبن شيدر علب (كرفت),Cheddar Cheese (Kraft),100 جم,100 gm,6.82667,6.95,6.81,6.76,6.79,6.82,6.78,6.72,6.84,6.87,6.8,6.87,6.91
6,2023,جبن شيدر علب (كرفت),Cheddar Cheese (Kraft),100 جم,100 gm,6.85333,6.84,6.85,6.86,6.87,6.83,6.89,6.78,6.74,6.81,6.96,6.95,6.86
6,2022,جبن شيدر علب (كرفت),Cheddar Cheese (Kraft),100 جم,100 gm,6.4025,5.89,6.0,6.05,6.15,6.33,6.55,6.58,6.64,6.64,6.64,6.62,6.74
6,2021,جبن شيدر علب (كرفت),Cheddar Cheese (Kraft),100 جم,100 gm,5.5225,5.52,5.48,5.5,5.45,5.5,5.46,5.49,5.54,5.58,5.56,5.52,5.67
6,2020,جبن شيدر علب (كرفت),Cheddar Cheese (Kraft),100 جم,100 gm,5.3525,5.21,5.18,5.11,5.16,5.14,5.13,5.58,5.59,5.57,5.54,5.53,5.49
6,2019,جبن شيدر علب (كرفت),Cheddar Cheese (Kraft),106 جم,100 gm,5.17867,5.19,5.174,5.2,5.17,5.17,5.15,5.17,5.18,5.18,5.18,5.17,5.21
6,2018,جبن شيدر علب (كرفت),Cheddar Cheese (Kraft),106 جم,100 gm,5.14217,5.071,5.096,5.091,5.131,5.143,5.194,5.176,5.172,5.139,5.15,5.128,5.215
6,2017,جبن شيدر علب (كرفت),Cheddar Cheese (Kraft),106 جم,100 gm,4.89308,4.891,4.906,4.895,4.883,4.909,4.927,4.923,4.876,4.886,4.863,4.885,4.873
6,2016,جبن شيدر علب (كرفت),Cheddar Cheese (Kraft),106 جم,100 gm,4.91125,4.985,4.979,4.877,4.897,4.912,4.852,4.866,4.876,4.945,4.938,4.893,4.915
6,2015,جبن شيدر علب (كرفت),Cheddar Cheese (Kraft),106 جم,100 gm,4.98433,4.951,4.995,4.98,5.003,4.981,4.999,5.007,4.968,4.984,4.987,4.982,4.975
6,2014,جبن شيدر علب (كرفت),Cheddar Cheese (Kraft),106 جم,100 gm,4.97825,4.907,4.988,4.979,5.016,5.018,4.976,4.979,5.006,4.977,4.945,4.917,5.031
6,2013,جبن شيدر علب (كرفت),Cheddar Cheese (Kraft),106 جم,100 gm,4.79567,4.732,4.762,4.672,4.726,4.702,4.778,4.834,4.905,4.747,4.889,4.917,4.884
6,2012,جبن شيدر علب (كرفت),Cheddar Cheese (Kraft),106 جم,100 gm,4.73142,4.764,4.748,4.654,4.755,4.729,4.705,4.785,4.748,4.744,4.678,4.765,4.702
6,2011,جبن شيدر علب (كرفت),Cheddar Cheese (Kraft),106 جم,100 gm,4.76683,4.757,4.72,4.786,4.755,4.726,4.79,4.817,4.823,4.755,4.788,4.7,4.785
6,2010,جبن شيدر علب (كرفت),Cheddar Cheese (Kraft),106 جم,100 gm,4.5915,4.4,4.415,4.491,4.427,4.62,4.621,4.623,4.688,4.665,4.691,4.735,4.722
6,2009,جبن شيدر علب (كرفت),Cheddar Cheese (Kraft),106 جم,100 gm,4.397,4.436,4.318,4.453,4.378,4.341,4.352,4.382,4.43,4.414,4.402,4.402,4.456
6,2025,لبن زبادي / روب (الصافي),"Yoghurt, (Al Saffi)",170 جم,170 gm,2.0,2.0,2.0,2.0,2.0,2.0,2.0,2.0,2.0,2.0,2.0,2.0,2.0
6,2024,لبن زبادي / روب (الصافي),"Yoghurt, (Al Saffi)",170 جم,170 gm,2.0,2.0,2.0,2.0,2.0,2.0,2.0,2.0,2.0,2.0,2.0,2.0,2.0
6,2023,لبن زبادي / روب (الصافي),"Yoghurt, (Al Saffi)",170 جم,170 gm,2.0,2.0,2.0,2.0,2.0,2.0,2.0,2.0,2.0,2.0,2.0,2.0,2.0
6,2022,لبن زبادي / روب (الصافي),"Yoghurt, (Al Saffi)",170 جم,170 gm,1.48917,1.42,1.45,1.5,1.5,1.5,1.5,1.5,1.5,1.5,1.5,1.5,1.5
6,2021,لبن زبادي / روب (الصافي),"Yoghurt, (Al Saffi)",170 جم,170 gm,1.235,1.22,1.22,1.22,1.22,1.22,1.22,1.25,1.25,1.25,1.25,1.25,1.25
6,2020,لبن زبادي / روب (الصافي),"Yoghurt, (Al Saffi)",170 جم,170 gm,1.11083,1.04,1.04,1.04,1.04,1.04,1.04,1.15,1.15,1.17,1.2,1.2,1.22
6,2019,لبن زبادي / روب (الصافي),"Yoghurt, (Al Saffi)",170 جم,170 gm,1.04,1.039,1.041,1.04,1.04,1.04,1.04,1.04,1.04,1.04,1.04,1.04,1.04
6,2018,لبن زبادي / روب (الصافي),"Yoghurt, (Al Saffi)",170 جم,170 gm,1.03958,1.036,1.043,1.044,1.042,1.039,1.038,1.037,1.042,1.039,1.038,1.038,1.039
6,2017,لبن زبادي / روب (الصافي),"Yoghurt, (Al Saffi)",170 جم,170 gm,1.0,1.0,1.0,1.0,1.0,1.0,1.0,1.0,1.0,1.0,1.0,1.0,1.0
6,2016,لبن زبادي / روب (الصافي),"Yoghurt, (Al Saffi)",170 جم,170 gm,1.0,1.0,1.0,1.0,1.0,1.0,1.0,1.0,1.0,1.0,1.0,1.0,1.0
6,2015,لبن زبادي / روب (الصافي),"Yoghurt, (Al Saffi)",170 جم,170 gm,1.0,1.0,1.0,1.0,1.0,1.0,1.0,1.0,1.0,1.0,1.0,1.0,1.0
6,2014,لبن زبادي / روب (الصافي),"Yoghurt, (Al Saffi)",170 جم,170 gm,1.0,1.0,1.0,1.0,1.0,1.0,1.0,1.0,1.0,1.0,1.0,1.0,1.0
6,2013,لبن زبادي / روب (الصافي),"Yoghurt, (Al Saffi)",170 جم,170 gm,1.0,1.0,1.0,1.0,1.0,1.0,1.0,1.0,1.0,1.0,1.0,1.0,1.0
6,2012,لبن زبادي / روب (الصافي),"Yoghurt, (Al Saffi)",170 جم,170 gm,1.0,1.0,1.0,1.0,1.0,1.0,1.0,1.0,1.0,1.0,1.0,1.0,1.0
6,2011,لبن زبادي / روب (الصافي),"Yoghurt, (Al Saffi)",170 جم,170 gm,1.0,1.0,1.0,1.0,1.0,1.0,1.0,1.0,1.0,1.0,1.0,1.0,1.0
6,2010,لبن زبادي / روب (الصافي),"Yoghurt, (Al Saffi)",170 جم,170 gm,1.0,1.0,1.0,1.0,1.0,1.0,1.0,1.0,1.0,1.0,1.0,1.0,1.0
6,2009,لبن زبادي / روب (الصافي),"Yoghurt, (Al Saffi)",170 جم,170 gm,1.00308,1.032,1.003,1.0,1.002,1.0,1.0,1.0,1.0,1.0,1.0,1.0,1.0
6,2025,لبن طازج محلي (الصافي),Local Fresh  Milk (Al Safi),1.5 لتر,1.5 L,8.5,8.5,8.5,8.5,8.5,8.5,8.5,8.5,8.5,8.5,8.5,8.5,8.5
6,2024,لبن طازج محلي (الصافي),Local Fresh  Milk (Al Safi),1.5 لتر,1.5 L,8.5075,8.56,8.5,8.5,8.5,8.5,8.5,8.51,8.51,8.5,8.5,8.51,8.5
6,2023,لبن طازج محلي (الصافي),Local Fresh  Milk (Al Safi),1.5 لتر,1.5 L,8.51,8.5,8.49,8.5,8.5,8.5,8.5,8.5,8.52,8.52,8.53,8.52,8.54
6,2022,لبن طازج محلي (الصافي),Local Fresh  Milk (Al Safi),1.5 لتر,1.5 L,8.42333,8.08,8.38,8.42,8.43,8.45,8.46,8.44,8.48,8.49,8.48,8.49,8.48
6,2021,لبن طازج محلي (الصافي),Local Fresh  Milk (Al Safi),1.5 لتر,1.5 L,6.94417,6.38,6.38,6.38,6.38,6.38,6.4,7.5,7.5,7.5,7.51,7.51,7.51
6,2020,لبن طازج محلي (الصافي),Local Fresh  Milk (Al Safi),1.5 لتر,1.5 L,5.885,5.46,5.47,5.45,5.45,5.45,5.45,6.26,6.32,6.34,6.3,6.33,6.34
6,2019,لبن طازج محلي (الصافي),Local Fresh  Milk (Al Safi),1.5 لتر,1.5 L,5.39692,5.369,5.374,5.39,5.38,5.38,5.39,5.42,5.41,5.43,5.37,5.42,5.43
6,2018,لبن طازج محلي (الصافي),Local Fresh  Milk (Al Safi),1.5 لتر,1.5 L,5.30808,5.177,5.219,5.215,5.289,5.339,5.338,5.342,5.358,5.344,5.349,5.358,5.369
6,2017,لبن طازج محلي (الصافي),Local Fresh  Milk (Al Safi),1.5 لتر,1.5 L,5.0,5.0,5.0,5.0,5.0,5.0,5.0,5.0,5.0,5.0,5.0,5.0,5.0
6,2016,لبن طازج محلي (الصافي),Local Fresh  Milk (Al Safi),1.5 لتر,1.5 L,5.0,5.0,5.0,5.0,5.0,5.0,5.0,5.0,5.0,5.0,5.0,5.0,5.0
6,2015,لبن طازج محلي (الصافي),Local Fresh  Milk (Al Safi),1.5 لتر,1.5 L,4.0,4.0,4.0,4.0,4.0,4.0,4.0,4.0,4.0,4.0,4.0,4.0,4.0
6,2014,لبن طازج محلي (الصافي),Local Fresh  Milk (Al Safi),1.5 لتر,1.5 L,4.0,4.0,4.0,4.0,4.0,4.0,4.0,4.0,4.0,4.0,4.0,4.0,4.0
6,2013,لبن طازج محلي (الصافي),Local Fresh  Milk (Al Safi),1.5 لتر,1.5 L,4.0,4.0,4.0,4.0,4.0,4.0,4.0,4.0,4.0,4.0,4.0,4.0,4.0
6,2012,لبن طازج محلي (الصافي),Local Fresh  Milk (Al Safi),1.5 لتر,1.5 L,4.0,4.0,4.0,4.0,4.0,4.0,4.0,4.0,4.0,4.0,4.0,4.0,4.0
6,2011,لبن طازج محلي (الصافي),Local Fresh  Milk (Al Safi),1.5 لتر,1.5 L,4.0,4.0,4.0,4.0,4.0,4.0,4.0,4.0,4.0,4.0,4.0,4.0,4.0
6,2010,لبن طازج محلي (الصافي),Local Fresh  Milk (Al Safi),1.5 لتر,1.5 L,4.0,4.0,4.0,4.0,4.0,4.0,4.0,4.0,4.0,4.0,4.0,4.0,4.0
6,2009,لبن طازج محلي (الصافي),Local Fresh  Milk (Al Safi),1.5 لتر,1.5 L,4.00467,4.064,4.0,4.0,4.0,4.0,4.0,3.992,4.0,4.0,4.0,4.0,4.0
6,2025,بيض محلي,Local Eggs,1 طبق,1 plate,18.35167,18.59,18.42,18.25,17.49,17.38,17.9,18.47,18.4,18.46,18.64,18.9,19.32
6,2024,بيض محلي,Local Eggs,1 طبق,1 plate,17.91583,19.06,18.91,18.62,18.42,17.77,16.96,16.91,16.84,17.77,17.81,17.68,18.24
6,2023,بيض محلي,Local Eggs,1 طبق,1 plate,19.6625,22.45,22.24,21.74,21.07,19.55,18.45,18.32,17.78,18.29,18.46,18.74,18.86
6,2022,بيض محلي,Local Eggs,1 طبق,1 plate,19.82083,16.9,17.28,17.83,20.33,20.34,19.28,19.25,19.34,20.32,21.76,22.61,22.61
6,2021,بيض محلي,Local Eggs,1 طبق,1 plate,16.03167,16.97,16.89,16.68,16.18,15.79,15.57,15.83,15.71,15.59,15.52,15.72,15.93
6,2020,بيض محلي,Local Eggs,1 طبق,1 plate,15.945,13.63,14.73,15.39,17.32,17.1,14.4,15.47,15.48,16.08,17.28,17.54,16.92
6,2019,بيض محلي,Local Eggs,1 طبق,1 plate,13.40308,15.296,15.011,14.78,14.27,13.83,13.41,12.26,12.02,12.31,12.31,12.21,13.13
6,2018,بيض محلي,Local Eggs,1 طبق,1 plate,14.22942,12.538,13.182,13.319,13.564,14.13,14.069,13.991,14.494,15.072,15.573,15.403,15.418
6,2017,بيض محلي,Local Eggs,1 طبق,1 plate,12.17408,12.68,12.514,12.557,12.584,12.441,12.126,12.002,11.875,11.954,11.852,11.721,11.783
6,2016,بيض محلي,Local Eggs,1 طبق,1 plate,12.92575,14.468,14.038,13.621,12.955,12.708,12.63,12.529,12.341,12.478,12.61,12.395,12.336
6,2015,بيض محلي,Local Eggs,1 طبق,1 plate,14.03475,14.321,14.95,14.776,14.141,13.664,13.286,13.209,13.059,13.614,14.361,14.548,14.488
6,2014,بيض محلي,Local Eggs,1 طبق,1 plate,13.35342,13.325,13.67,13.601,13.444,13.28,13.282,13.204,13.116,13.114,13.37,13.309,13.526
6,2013,بيض محلي,Local Eggs,1 طبق,1 plate,13.69808,13.423,13.892,14.237,14.471,14.427,13.991,13.66,13.36,13.277,13.369,13.141,13.129
6,2012,بيض محلي,Local Eggs,1 طبق,1 plate,12.93292,12.518,12.96,13.341,13.281,13.018,13.065,12.712,12.599,12.721,12.937,12.965,13.078
6,2011,بيض محلي,Local Eggs,1 طبق,1 plate,12.25967,11.959,12.241,12.352,12.376,12.476,12.377,12.276,12.099,12.059,12.163,12.325,12.413
6,2010,بيض محلي,Local Eggs,1 طبق,1 plate,12.33158,12.64,12.604,12.662,12.608,12.542,12.529,12.339,12.225,11.783,11.968,12.013,12.066
6,2009,بيض محلي,Local Eggs,1 طبق,1 plate,11.99142,13.88,13.238,13.019,12.774,12.321,11.427,10.951,10.779,10.703,10.697,11.947,12.161
6,2025,زيت زيتون مستورد (الوزير),imported olive oil (Al Wazir),500 ملل,500 ml,25.66667,24.95,25.98,26.37,25.8,25.71,25.65,25.63,25.65,25.55,25.64,25.66,25.41
6,2024,زيت زيتون مستورد (الوزير),imported olive oil (Al Wazir),500 ملل,500 ml,24.18167,22.95,23.46,23.47,24.0,23.86,24.12,24.55,24.15,24.78,24.66,24.87,25.31
6,2023,زيت زيتون مستورد (الوزير),imported olive oil (Al Wazir),500 ملل,500 ml,21.91,22.1,21.94,22.02,21.76,21.76,21.93,21.95,21.73,21.6,21.55,22.18,22.4
6,2022,زيت زيتون مستورد (الوزير),imported olive oil (Al Wazir),500 ملل,500 ml,21.48667,20.55,20.88,21.02,21.24,21.36,21.62,21.63,21.8,21.67,22.26,21.74,22.07
6,2021,زيت زيتون مستورد (الوزير),imported olive oil (Al Wazir),500 ملل,500 ml,19.72,19.54,19.4,19.62,18.99,19.36,19.38,19.68,20.15,19.95,20.24,20.23,20.1
6,2020,زيت زيتون مستورد (الوزير),imported olive oil (Al Wazir),500 ملل,500 ml,18.80083,17.68,17.89,17.92,17.82,17.92,17.91,19.84,19.81,19.79,19.9,19.58,19.55
6,2019,زيت زيتون مستورد (الوزير),imported olive oil (Al Wazir),500 ملل,500 ml,17.698,17.69,17.666,17.55,17.7,17.75,17.84,17.86,17.75,17.64,17.75,17.59,17.59
6,2018,زيت زيتون مستورد (الوزير),imported olive oil (Al Wazir),500 ملل,500 ml,17.36592,17.144,17.35,17.325,17.227,16.97,17.166,17.258,17.277,17.464,17.632,17.781,17.797
6,2017,زيت زيتون مستورد (الوزير),imported olive oil (Al Wazir),500 ملل,500 ml,15.89583,15.375,15.318,15.428,15.576,15.919,16.005,15.998,16.091,16.073,16.326,16.184,16.457
6,2016,زيت زيتون مستورد (الوزير),imported olive oil (Al Wazir),500 ملل,500 ml,15.49233,15.527,15.452,15.485,15.595,15.47,15.518,15.519,15.549,15.475,15.32,15.443,15.555
6,2015,زيت زيتون مستورد (الوزير),imported olive oil (Al Wazir),500 ملل,500 ml,15.40208,15.247,15.27,15.308,15.457,15.558,15.31,15.389,15.466,15.428,15.565,15.477,15.35
6,2014,زيت زيتون مستورد (الوزير),imported olive oil (Al Wazir),500 ملل,500 ml,15.09825,14.819,14.925,15.016,14.99,15.113,14.983,15.105,15.028,15.131,15.266,15.387,15.416
6,2013,زيت زيتون مستورد (الوزير),imported olive oil (Al Wazir),500 ملل,500 ml,14.22633,13.966,14.004,13.913,13.956,14.0,14.059,14.202,14.337,14.641,14.427,14.485,14.726
6,2012,زيت زيتون مستورد (الوزير),imported olive oil (Al Wazir),500 ملل,500 ml,14.19875,14.359,14.322,14.241,14.287,14.276,14.31,14.365,14.194,13.935,14.217,13.913,13.966
6,2011,زيت زيتون مستورد (الوزير),imported olive oil (Al Wazir),500 ملل,500 ml,14.39067,14.779,14.491,14.322,14.491,14.251,14.267,14.203,14.244,14.543,14.252,14.384,14.461
6,2010,زيت زيتون مستورد (الوزير),imported olive oil (Al Wazir),500 ملل,500 ml,14.90742,14.768,14.964,14.833,14.959,14.78,15.026,15.104,14.825,14.852,15.009,14.896,14.873
6,2009,زيت زيتون مستورد (الوزير),imported olive oil (Al Wazir),500 ملل,500 ml,14.859,15.303,15.106,15.161,15.067,14.873,14.837,14.814,14.77,14.213,14.804,14.674,14.686
6,2025,زيت نباتي (للقلي) العربي,"Vegetable oil, (frying) Al Arabi",1.5 لتر,1.5 L,19.61583,19.37,19.55,19.59,19.75,19.75,19.72,19.52,19.7,19.63,19.62,19.61,19.58
6,2024,زيت نباتي (للقلي) العربي,"Vegetable oil, (frying) Al Arabi",1.5 لتر,1.5 L,20.025,21.28,20.66,20.18,20.26,20.14,19.8,19.74,19.51,19.71,19.82,19.68,19.52
6,2023,زيت نباتي (للقلي) العربي,"Vegetable oil, (frying) Al Arabi",1.5 لتر,1.5 L,21.38333,21.55,21.57,21.31,21.45,21.39,21.43,21.41,21.4,21.15,21.19,21.25,21.5
6,2022,زيت نباتي (للقلي) العربي,"Vegetable oil, (frying) Al Arabi",1.5 لتر,1.5 L,20.03,17.38,17.83,18.02,18.8,19.78,21.02,20.93,21.09,21.41,21.39,21.33,21.38
6,2021,زيت نباتي (للقلي) العربي,"Vegetable oil, (frying) Al Arabi",1.5 لتر,1.5 L,15.87917,14.35,14.73,15.08,14.96,15.28,15.63,15.82,16.67,16.91,17.07,16.87,17.18
6,2020,زيت نباتي (للقلي) العربي,"Vegetable oil, (frying) Al Arabi",1.5 لتر,1.5 L,14.20083,14.91,15.07,14.71,13.75,13.73,13.06,14.01,14.01,14.16,14.32,14.32,14.36
6,2019,زيت نباتي (للقلي) العربي,"Vegetable oil, (frying) Al Arabi",1.8 لتر,1.5 L,15.1415,15.237,15.311,15.37,15.01,15.07,15.19,15.07,15.19,14.82,15.07,15.2,15.16
6,2018,زيت نباتي (للقلي) العربي,"Vegetable oil, (frying) Al Arabi",1.8 لتر,1.5 L,15.13092,15.082,15.128,15.102,15.117,15.191,15.067,15.207,15.27,15.038,15.159,14.846,15.364
6,2017,زيت نباتي (للقلي) العربي,"Vegetable oil, (frying) Al Arabi",1.8 لتر,1.5 L,14.90083,14.946,15.037,15.117,15.035,15.053,15.011,14.944,14.772,14.838,14.791,14.8,14.466
6,2016,زيت نباتي (للقلي) العربي,"Vegetable oil, (frying) Al Arabi",1.8 لتر,1.5 L,14.95817,14.808,14.929,14.976,14.946,15.018,14.933,14.926,15.013,14.873,14.966,15.074,15.036
6,2015,زيت نباتي (للقلي) العربي,"Vegetable oil, (frying) Al Arabi",1.8 لتر,1.5 L,14.94758,14.855,14.954,15.052,15.155,15.23,14.988,15.063,14.841,14.682,14.932,14.699,14.92
6,2014,زيت نباتي (للقلي) العربي,"Vegetable oil, (frying) Al Arabi",1.8 لتر,1.5 L,15.16175,15.186,15.179,15.338,15.393,15.314,15.324,15.218,15.061,15.021,15.095,14.966,14.846
6,2013,زيت نباتي (للقلي) العربي,"Vegetable oil, (frying) Al Arabi",1.8 لتر,1.5 L,15.62167,16.273,15.946,15.87,15.865,15.85,15.798,15.615,15.475,15.413,15.126,15.165,15.064
6,2012,زيت نباتي (للقلي) العربي,"Vegetable oil, (frying) Al Arabi",1.8 لتر,1.5 L,16.53808,16.835,16.487,16.374,16.459,16.666,16.646,16.73,16.595,16.595,16.487,16.24,16.343
6,2011,زيت نباتي (للقلي) العربي,"Vegetable oil, (frying) Al Arabi",1.8 لتر,1.5 L,15.2895,13.84,14.205,14.159,14.727,14.827,15.481,15.481,15.79,15.907,16.205,16.329,16.523
6,2010,زيت نباتي (للقلي) العربي,"Vegetable oil, (frying) Al Arabi",1.8 لتر,1.5 L,13.52858,13.69,13.605,13.593,13.484,13.459,13.417,13.487,13.493,13.524,13.516,13.525,13.55
6,2009,زيت نباتي (للقلي) العربي,"Vegetable oil, (frying) Al Arabi",1.8 لتر,1.5 L,14.448,15.704,15.6,15.488,15.338,14.245,14.157,13.989,13.835,13.906,13.718,13.674,13.722
6,2025,زيت ذرة (للطهي) عافية,"Corn oil, (cooking), Afia",1.5 لتر,1.5 L,24.67083,25.18,24.98,25.03,24.9,24.8,24.74,24.69,24.46,24.44,24.29,24.34,24.2
6,2024,زيت ذرة (للطهي) عافية,"Corn oil, (cooking), Afia",1.5 لتر,1.5 L,25.3775,26.61,26.38,25.77,25.66,25.48,25.21,25.13,24.74,24.93,24.89,24.63,25.1
6,2023,زيت ذرة (للطهي) عافية,"Corn oil, (cooking), Afia",1.5 لتر,1.5 L,27.45917,27.98,27.69,27.36,27.48,27.37,27.47,27.44,27.33,27.35,27.5,27.34,27.2
6,2022,زيت ذرة (للطهي) عافية,"Corn oil, (cooking), Afia",1.5 لتر,1.5 L,26.31417,23.71,24.06,24.47,25.32,26.27,27.54,27.35,27.39,27.52,27.44,27.32,27.38
6,2021,زيت ذرة (للطهي) عافية,"Corn oil, (cooking), Afia",1.5 لتر,1.5 L,22.22417,20.96,21.35,21.49,21.45,21.54,21.83,22.12,23.02,23.09,23.23,23.26,23.35
6,2020,زيت ذرة (للطهي) عافية,"Corn oil, (cooking), Afia",1.5 لتر,1.5 L,20.26833,21.01,20.99,20.05,19.26,19.09,18.91,20.59,20.55,20.66,20.7,20.69,20.72
6,2019,زيت ذرة (للطهي) عافية,"Corn oil, (cooking), Afia",1.8 لتر,1.5 L,21.12875,21.623,21.282,21.3,21.07,21.11,20.99,21.1,21.1,20.82,20.92,21.08,21.15
6,2018,زيت ذرة (للطهي) عافية,"Corn oil, (cooking), Afia",1.8 لتر,1.5 L,21.75283,21.754,21.911,21.96,21.818,21.853,21.761,22.029,21.629,21.698,21.639,21.461,21.521
6,2017,زيت ذرة (للطهي) عافية,"Corn oil, (cooking), Afia",1.8 لتر,1.5 L,21.45442,21.279,21.566,21.678,21.567,21.388,21.481,21.548,21.601,21.575,21.543,21.115,21.112
6,2016,زيت ذرة (للطهي) عافية,"Corn oil, (cooking), Afia",1.8 لتر,1.5 L,21.49667,21.32,21.479,21.494,21.519,21.509,21.472,21.422,21.558,21.558,21.599,21.44,21.59
6,2015,زيت ذرة (للطهي) عافية,"Corn oil, (cooking), Afia",1.8 لتر,1.5 L,21.41092,21.028,21.308,21.317,21.445,21.535,21.466,21.572,21.557,21.474,21.466,21.486,21.277
6,2014,زيت ذرة (للطهي) عافية,"Corn oil, (cooking), Afia",1.8 لتر,1.5 L,21.40892,21.352,21.456,21.501,21.494,21.436,21.408,21.529,21.332,21.342,21.539,21.227,21.291
6,2013,زيت ذرة (للطهي) عافية,"Corn oil, (cooking), Afia",1.8 لتر,1.5 L,21.54908,21.524,21.412,21.32,21.569,21.693,21.595,21.591,21.582,21.566,21.543,21.652,21.542
6,2012,زيت ذرة (للطهي) عافية,"Corn oil, (cooking), Afia",1.8 لتر,1.5 L,21.33375,21.613,21.122,20.843,21.109,21.206,21.29,21.392,21.503,21.523,21.542,21.396,21.466
6,2011,زيت ذرة (للطهي) عافية,"Corn oil, (cooking), Afia",1.8 لتر,1.5 L,20.50467,18.938,19.237,19.322,20.078,20.451,20.708,20.823,21.04,21.214,21.381,21.425,21.439
6,2010,زيت ذرة (للطهي) عافية,"Corn oil, (cooking), Afia",1.8 لتر,1.5 L,18.55267,18.671,18.532,18.55,18.592,18.538,18.576,18.472,18.581,18.547,18.526,18.5,18.547
6,2009,زيت ذرة (للطهي) عافية,"Corn oil, (cooking), Afia",1.8 لتر,1.5 L,19.65275,21.347,21.461,21.439,20.629,19.456,18.897,18.886,18.779,18.847,18.909,18.658,18.525
6,2025,زبدة (لورباك),Butter( Lurpak),100 جم,100 gm,7.90833,7.8,7.91,7.84,7.93,7.89,7.92,7.95,7.94,7.95,7.94,7.92,7.91
6,2024,زبدة (لورباك),Butter( Lurpak),100 جم,100 gm,7.4075,7.5,7.48,7.34,7.2,7.17,7.21,7.24,7.47,7.36,7.53,7.7,7.69
6,2023,زبدة (لورباك),Butter( Lurpak),100 جم,100 gm,7.37,7.02,7.17,7.25,7.3,7.22,7.22,7.48,7.43,7.44,7.57,7.67,7.67
6,2022,زبدة (لورباك),Butter( Lurpak),100 جم,100 gm,6.585,6.14,6.28,6.33,6.38,6.54,6.39,6.6,6.72,6.78,7.0,6.95,6.91
6,2021,زبدة (لورباك),Butter( Lurpak),100 جم,100 gm,5.79333,5.78,5.69,5.81,5.66,5.82,5.71,5.76,5.74,5.82,5.85,5.91,5.97
6,2020,زبدة (لورباك),Butter( Lurpak),100 جم,100 gm,5.49667,5.21,5.21,5.22,5.28,5.28,5.21,5.8,5.79,5.63,5.73,5.78,5.82
6,2019,زبدة (لورباك),Butter( Lurpak),100 جم,100 gm,5.17875,5.157,5.198,5.18,5.19,5.16,5.13,5.18,5.14,5.15,5.2,5.22,5.24
6,2018,زبدة (لورباك),Butter( Lurpak),100 جم,100 gm,5.02592,4.949,4.993,5.033,5.004,4.951,5.046,5.053,5.056,5.028,5.106,5.07,5.022
6,2017,زبدة (لورباك),Butter( Lurpak),100 جم,100 gm,4.14633,4.002,4.038,4.037,4.006,4.018,3.983,3.952,4.018,4.046,4.237,4.665,4.754
6,2016,زبدة (لورباك),Butter( Lurpak),100 جم,100 gm,4.00542,3.994,4.013,3.998,4.003,4.009,3.999,4.021,4.01,4.011,3.994,4.011,4.002
6,2015,زبدة (لورباك),Butter( Lurpak),100 جم,100 gm,3.98633,3.995,3.978,4.027,3.957,3.98,3.975,3.984,3.986,4.004,3.979,3.986,3.985
6,2014,زبدة (لورباك),Butter( Lurpak),100 جم,100 gm,3.99867,3.976,4.02,3.991,3.98,3.968,3.977,4.002,4.013,4.002,4.016,4.023,4.016
6,2013,زبدة (لورباك),Butter( Lurpak),100 جم,100 gm,3.9995,3.999,4.032,3.998,4.023,4.005,3.991,4.009,3.973,4.016,3.999,3.959,3.99
6,2012,زبدة (لورباك),Butter( Lurpak),100 جم,100 gm,3.97508,3.979,3.938,3.972,3.927,3.955,4.019,3.984,3.986,4.008,4.011,3.961,3.961
6,2011,زبدة (لورباك),Butter( Lurpak),100 جم,100 gm,3.6755,3.267,3.245,3.335,3.582,3.6,3.695,3.803,3.848,3.859,3.928,3.978,3.966
6,2010,زبدة (لورباك),Butter( Lurpak),100 جم,100 gm,3.29733,3.322,3.297,3.276,3.263,3.328,3.286,3.308,3.299,3.366,3.237,3.3,3.286
6,2009,زبدة (لورباك),Butter( Lurpak),100 جم,100 gm,3.58442,3.739,3.785,3.711,3.672,3.697,3.617,3.507,3.45,3.4,3.518,3.461,3.456
6,2025,موز الشربتلي الفلبين,"Philippines Banana,  Alsharbatli",1 كجم,1 kg,6.10667,5.8,5.77,6.44,6.65,6.2,6.39,5.95,5.86,6.01,6.21,6.08,5.92
6,2024,موز الشربتلي الفلبين,"Philippines Banana,  Alsharbatli",1 كجم,1 kg,6.19333,6.45,6.29,6.06,6.05,5.9,5.86,5.97,5.94,6.88,6.62,6.17,6.13
6,2023,موز الشربتلي الفلبين,"Philippines Banana,  Alsharbatli",1 كجم,1 kg,6.09083,6.46,6.41,6.15,6.62,6.35,5.85,5.97,5.77,5.77,5.82,5.99,5.93
6,2022,موز الشربتلي الفلبين,"Philippines Banana,  Alsharbatli",1 كجم,1 kg,5.77583,5.47,5.57,5.65,5.95,5.99,5.44,5.27,5.32,6.0,6.08,6.14,6.43
6,2021,موز الشربتلي الفلبين,"Philippines Banana,  Alsharbatli",1 كجم,1 kg,5.07583,4.69,4.98,5.07,5.63,5.43,4.84,4.61,4.95,4.92,4.88,5.47,5.44
6,2020,موز الشربتلي الفلبين,"Philippines Banana,  Alsharbatli",1 كجم,1 kg,5.04083,4.78,4.93,5.26,5.5,5.5,5.07,4.91,4.81,5.09,5.12,4.82,4.7
6,2019,موز الشربتلي الفلبين,"Philippines Banana,  Alsharbatli",1 كجم,1 kg,4.92525,4.926,4.957,5.05,4.98,5.16,5.12,4.75,4.76,4.71,4.9,4.96,4.83
6,2018,موز الشربتلي الفلبين,"Philippines Banana,  Alsharbatli",1 كجم,1 kg,5.4305,5.767,6.121,5.773,5.708,5.549,5.503,5.024,4.949,5.106,5.436,5.185,5.045
6,2017,موز الشربتلي الفلبين,"Philippines Banana,  Alsharbatli",1 كجم,1 kg,4.82075,4.779,4.926,4.79,4.856,5.019,5.067,4.85,4.601,4.536,4.584,4.782,5.059
6,2016,موز الشربتلي الفلبين,"Philippines Banana,  Alsharbatli",1 كجم,1 kg,5.32633,4.679,5.138,5.574,5.818,5.305,5.586,5.596,5.602,5.609,5.351,4.895,4.763
6,2015,موز الشربتلي الفلبين,"Philippines Banana,  Alsharbatli",1 كجم,1 kg,5.45483,4.905,5.27,5.578,5.898,5.64,5.425,5.93,5.75,5.627,5.566,5.09,4.779
6,2014,موز الشربتلي الفلبين,"Philippines Banana,  Alsharbatli",1 كجم,1 kg,5.32583,4.821,4.993,5.154,5.473,5.367,5.099,5.212,5.785,5.526,6.03,5.372,5.078
6,2013,موز الشربتلي الفلبين,"Philippines Banana,  Alsharbatli",1 كجم,1 kg,4.93483,4.454,4.676,5.269,5.544,5.048,4.852,5.168,5.177,4.764,4.782,4.75,4.734
6,2012,موز الشربتلي الفلبين,"Philippines Banana,  Alsharbatli",1 كجم,1 kg,4.66358,4.616,4.536,4.811,4.84,4.797,4.748,4.593,4.566,4.56,4.544,4.784,4.568
6,2011,موز الشربتلي الفلبين,"Philippines Banana,  Alsharbatli",1 كجم,1 kg,4.75358,4.393,4.628,4.893,5.449,5.023,4.741,4.535,4.465,4.573,4.744,4.864,4.735
6,2010,موز الشربتلي الفلبين,"Philippines Banana,  Alsharbatli",1 كجم,1 kg,4.56067,4.557,4.386,4.623,4.775,4.54,4.387,4.339,4.796,4.85,4.614,4.455,4.406
6,2009,موز الشربتلي الفلبين,"Philippines Banana,  Alsharbatli",1 كجم,1 kg,4.76867,4.578,4.353,5.022,5.658,4.944,4.569,4.575,4.763,4.893,4.65,4.516,4.703
6,2025,تمر (رطب),Dates( Rotab),1 كجم,1 kg,14.45583,13.94,13.94,13.86,14.7,15.05,15.16,15.1,14.01,14.16,14.41,14.59,14.55
6,2024,تمر (رطب),Dates( Rotab),1 كجم,1 kg,14.83167,14.62,14.84,15.05,15.01,15.1,15.47,16.33,14.59,13.88,13.9,14.69,14.5
6,2023,تمر (رطب),Dates( Rotab),1 كجم,1 kg,14.5525,14.56,14.97,14.71,14.99,15.05,15.93,15.85,13.67,13.09,13.25,14.26,14.3
6,2022,تمر (رطب),Dates( Rotab),1 كجم,1 kg,14.19583,14.45,14.47,14.6,14.92,14.71,15.49,14.35,13.5,12.57,12.7,14.22,14.37
6,2021,تمر (رطب),Dates( Rotab),1 كجم,1 kg,13.54417,13.63,13.77,13.67,13.89,14.03,14.05,12.85,12.71,12.41,13.02,14.08,14.42
6,2020,تمر (رطب),Dates( Rotab),1 كجم,1 kg,13.0325,14.01,13.64,13.27,13.48,13.54,13.36,14.76,12.2,11.36,11.43,12.31,13.03
6,2019,تمر (رطب),Dates( Rotab),1 كجم,1 kg,12.86342,13.029,12.942,12.8,12.82,12.85,13.66,12.4,12.25,11.94,12.22,13.65,13.8
6,2018,تمر (رطب),Dates( Rotab),1 كجم,1 kg,12.579,13.107,13.081,13.107,12.87,12.819,14.275,13.025,11.313,10.896,11.435,12.114,12.906
6,2017,تمر (رطب),Dates( Rotab),1 كجم,1 kg,12.54433,13.354,13.371,13.542,13.437,13.425,13.132,11.852,10.918,10.828,11.543,12.326,12.804
6,2016,تمر (رطب),Dates( Rotab),1 كجم,1 kg,13.03025,13.635,13.746,13.685,13.523,13.563,14.088,13.341,12.284,11.424,11.633,12.343,13.098
6,2015,تمر (رطب),Dates( Rotab),1 كجم,1 kg,13.1645,13.428,13.653,13.443,13.558,13.621,14.544,13.6,12.333,11.639,12.475,12.512,13.168
6,2014,تمر (رطب),Dates( Rotab),1 كجم,1 kg,13.43367,13.322,13.745,13.479,13.612,13.409,13.906,13.745,12.584,12.437,12.906,13.969,14.09
6,2013,تمر (رطب),Dates( Rotab),1 كجم,1 kg,12.85875,12.388,12.488,13.201,13.366,13.727,13.76,12.404,11.977,11.655,12.66,13.548,13.131
6,2012,تمر (رطب),Dates( Rotab),1 كجم,1 kg,12.72775,12.599,12.706,12.55,12.593,12.48,13.834,13.728,13.283,12.112,11.832,12.608,12.408
6,2011,تمر (رطب),Dates( Rotab),1 كجم,1 kg,12.78192,12.41,12.457,12.419,13.121,13.33,13.564,13.365,12.885,12.76,12.069,12.397,12.606
6,2010,تمر (رطب),Dates( Rotab),1 كجم,1 kg,12.75392,12.842,13.209,14.058,13.864,13.226,13.485,12.107,12.051,11.247,11.603,12.276,13.079
6,2009,تمر (رطب),Dates( Rotab),1 كجم,1 kg,14.183,15.281,16.028,16.048,16.497,15.568,15.35,12.985,11.404,12.09,12.465,13.061,13.419
6,2025,تين محلي,Local Fig,1 كجم,1 kg,17.33583,18.1,18.17,19.59,20.02,20.55,19.21,17.43,14.54,14.36,14.9,15.44,15.72
6,2024,تين محلي,Local Fig,1 كجم,1 kg,16.59917,15.59,15.5,16.6,16.54,17.43,18.69,17.66,16.2,15.98,15.57,16.4,17.03
6,2023,تين محلي,Local Fig,1 كجم,1 kg,17.2075,18.44,17.83,17.75,18.27,17.93,17.69,16.49,16.94,16.75,16.23,16.41,15.76
6,2022,تين محلي,Local Fig,1 كجم,1 kg,18.59,17.89,17.74,18.1,20.54,19.69,20.06,19.48,18.57,18.0,17.31,17.62,18.08
6,2021,تين محلي,Local Fig,1 كجم,1 kg,17.38833,18.22,18.71,18.81,19.15,18.8,18.34,16.91,16.04,15.73,15.68,14.95,17.32
6,2020,تين محلي,Local Fig,1 كجم,1 kg,18.18667,17.58,18.22,19.61,18.89,18.3,18.65,18.0,17.29,18.51,17.84,16.21,19.14
6,2019,تين محلي,Local Fig,1 كجم,1 kg,15.48417,14.773,14.357,14.47,15.12,14.44,14.91,16.35,17.04,16.54,15.53,15.49,16.79
6,2018,تين محلي,Local Fig,1 كجم,1 kg,16.68333,18.443,19.567,19.262,19.131,17.759,16.676,16.002,16.056,14.353,13.856,13.815,15.28
6,2017,تين محلي,Local Fig,1 كجم,1 kg,16.18858,18.237,17.43,17.169,16.182,15.347,15.372,15.539,15.964,14.585,14.791,16.263,17.384
6,2016,تين محلي,Local Fig,1 كجم,1 kg,17.92217,20.451,19.194,18.473,18.345,18.513,18.084,16.791,15.984,15.945,16.486,17.44,19.36
6,2015,تين محلي,Local Fig,1 كجم,1 kg,18.14508,18.611,18.323,17.56,17.603,17.07,16.706,16.553,17.329,18.755,19.425,19.214,20.592
6,2014,تين محلي,Local Fig,1 كجم,1 kg,16.40142,17.616,16.18,15.945,16.172,15.946,15.564,15.18,15.318,15.596,17.394,17.794,18.112
6,2013,تين محلي,Local Fig,1 كجم,1 kg,15.66375,16.664,16.332,15.379,15.757,14.569,14.63,14.084,14.223,15.486,16.206,16.927,17.708
6,2012,تين محلي,Local Fig,1 كجم,1 kg,14.14375,13.74,13.913,13.369,13.809,13.68,13.1,13.332,13.036,13.946,15.361,16.376,16.063
6,2011,تين محلي,Local Fig,1 كجم,1 kg,13.038,12.961,12.664,11.419,12.99,13.413,13.6,13.185,13.111,13.222,12.564,13.449,13.878
6,2010,تين محلي,Local Fig,1 كجم,1 kg,11.83108,10.527,10.288,11.426,10.414,10.733,11.684,11.759,12.133,13.079,13.053,12.938,13.939
6,2009,تين محلي,Local Fig,1 كجم,1 kg,10.08683,9.532,9.379,8.731,9.757,9.953,10.959,9.929,9.411,10.647,10.419,12.013,10.312
6,2025,منجا باكستاني,Pakistani Mango,1 كجم,1 kg,13.3175,14.0,14.21,14.69,14.86,14.02,13.18,11.51,12.43,12.65,12.9,12.46,12.9
6,2024,منجا باكستاني,Pakistani Mango,1 كجم,1 kg,12.93833,12.67,14.06,14.42,14.44,13.77,12.56,11.27,11.73,12.56,12.5,12.38,12.9
6,2023,منجا باكستاني,Pakistani Mango,1 كجم,1 kg,13.07,13.35,13.48,13.58,13.84,13.25,12.55,12.3,12.5,12.96,13.4,13.2,12.43
6,2022,منجا باكستاني,Pakistani Mango,1 كجم,1 kg,13.37917,13.8,13.65,14.22,14.35,13.01,12.1,12.23,13.1,13.59,13.47,13.48,13.55
6,2021,منجا باكستاني,Pakistani Mango,1 كجم,1 kg,12.47417,11.53,11.82,12.63,12.31,12.69,12.44,11.05,12.41,12.47,13.12,13.67,13.55
6,2020,منجا باكستاني,Pakistani Mango,1 كجم,1 kg,12.02917,12.43,12.15,12.2,13.14,12.14,11.04,10.74,11.52,12.25,13.24,12.15,11.35
6,2019,منجا باكستاني,Pakistani Mango,1 كجم,1 kg,12.53983,12.675,13.053,13.11,13.15,12.54,12.66,12.08,11.92,12.22,12.78,11.98,12.31
6,2018,منجا باكستاني,Pakistani Mango,1 كجم,1 kg,12.48067,12.702,13.13,12.946,12.383,12.613,11.365,11.692,11.952,12.599,12.839,12.79,12.757
6,2017,منجا باكستاني,Pakistani Mango,1 كجم,1 kg,12.27283,12.5,12.281,12.187,11.344,11.174,11.067,11.881,12.743,13.255,12.886,13.088,12.868
6,2016,منجا باكستاني,Pakistani Mango,1 كجم,1 kg,12.83292,14.03,13.238,13.479,14.478,12.871,11.943,10.832,12.168,12.468,13.15,12.713,12.625
6,2015,منجا باكستاني,Pakistani Mango,1 كجم,1 kg,13.48642,14.403,14.905,14.065,13.951,13.296,12.065,11.544,12.321,13.037,14.522,13.99,13.738
6,2014,منجا باكستاني,Pakistani Mango,1 كجم,1 kg,13.0245,12.987,12.551,13.994,14.289,12.771,11.996,10.875,11.985,12.463,13.199,14.606,14.578
6,2013,منجا باكستاني,Pakistani Mango,1 كجم,1 kg,12.64767,14.065,13.191,12.893,13.095,12.088,11.339,11.726,12.327,12.189,12.531,12.839,13.489
6,2012,منجا باكستاني,Pakistani Mango,1 كجم,1 kg,12.4865,13.449,13.699,12.849,12.632,12.576,11.401,10.581,12.305,12.289,12.425,12.48,13.152
6,2011,منجا باكستاني,Pakistani Mango,1 كجم,1 kg,12.08992,13.393,13.061,12.544,12.869,11.482,9.717,9.161,10.802,12.399,13.336,13.238,13.077
6,2010,منجا باكستاني,Pakistani Mango,1 كجم,1 kg,10.88383,11.356,13.315,10.305,9.974,8.696,8.413,8.805,10.451,11.766,12.781,11.936,12.808
6,2009,منجا باكستاني,Pakistani Mango,1 كجم,1 kg,10.50825,12.084,12.203,11.767,10.704,9.545,8.369,8.171,8.981,10.156,11.363,11.208,11.548
6,2025,س,medium African Lemon,1 كجم,1 kg,8.685,6.66,6.5,7.18,10.48,9.27,10.44,9.24,8.36,8.82,8.95,9.24,9.08
6,2024,ليمون وسط أفريقي,medium African Lemon,1 كجم,1 kg,7.12,6.96,6.67,6.89,6.87,6.9,7.32,7.05,7.27,7.65,7.95,7.04,6.87
6,2023,ليمون وسط أفريقي,medium African Lemon,1 كجم,1 kg,7.28833,7.12,7.09,7.12,7.83,7.65,7.08,7.05,7.28,7.51,7.68,7.15,6.9
6,2022,ليمون وسط أفريقي,medium African Lemon,1 كجم,1 kg,7.5275,7.27,7.26,7.43,7.52,7.54,7.98,7.81,7.59,7.54,7.28,7.68,7.43
6,2021,ليمون وسط أفريقي,medium African Lemon,1 كجم,1 kg,7.53667,7.11,7.12,7.25,7.82,7.65,7.04,7.04,8.06,8.51,8.01,7.56,7.27
6,2020,ليمون وسط أفريقي,medium African Lemon,1 كجم,1 kg,7.94667,7.12,7.2,8.62,10.61,9.14,7.6,7.3,7.13,7.69,8.06,7.69,7.2
6,2019,ليمون وسط أفريقي,medium African Lemon,1 كجم,1 kg,7.18958,6.758,6.737,6.91,6.98,7.46,7.88,7.39,7.3,7.09,7.06,7.35,7.36
6,2018,ليمون وسط أفريقي,medium African Lemon,1 كجم,1 kg,7.55375,7.307,7.097,7.134,7.454,7.254,7.504,8.004,8.986,7.991,7.769,7.153,6.992
6,2017,ليمون وسط أفريقي,medium African Lemon,1 كجم,1 kg,7.50733,7.081,7.191,7.283,7.68,7.737,7.863,7.828,7.576,7.392,7.458,7.505,7.494
6,2016,ليمون وسط أفريقي,medium African Lemon,1 كجم,1 kg,8.227,7.954,8.149,7.948,8.054,8.592,8.789,8.588,8.511,8.611,8.447,7.604,7.477
6,2015,ليمون وسط أفريقي,medium African Lemon,1 كجم,1 kg,8.12458,7.965,7.564,7.747,7.801,8.296,8.66,8.696,8.264,8.183,8.42,7.969,7.93
6,2014,ليمون وسط أفريقي,medium African Lemon,1 كجم,1 kg,8.42092,7.558,7.647,7.757,8.373,9.024,8.822,8.619,8.598,8.587,8.934,8.931,8.201
6,2013,ليمون وسط أفريقي,medium African Lemon,1 كجم,1 kg,8.01208,7.122,7.419,7.271,9.873,8.937,8.231,8.118,8.063,7.713,7.723,7.844,7.831
6,2012,ليمون وسط أفريقي,medium African Lemon,1 كجم,1 kg,6.97125,5.813,5.879,6.026,6.185,7.178,8.046,7.44,7.905,7.266,6.893,7.117,7.907
6,2011,ليمون وسط أفريقي,medium African Lemon,1 كجم,1 kg,6.28908,6.208,5.893,5.808,5.608,6.406,6.671,6.731,6.793,6.67,6.238,6.288,6.155
6,2010,ليمون وسط أفريقي,medium African Lemon,1 كجم,1 kg,6.35842,5.894,5.716,5.823,5.82,6.316,6.796,6.396,6.921,6.806,6.863,6.569,6.381
6,2009,ليمون وسط أفريقي,medium African Lemon,1 كجم,1 kg,5.7915,6.29,6.003,5.528,5.66,5.631,5.486,5.407,5.819,5.846,5.761,5.895,6.172
6,2025,برتقال أبو صرة مصري,Abu Sorra egyptian Orange,1 كجم,1 kg,6.64167,5.15,5.06,5.77,6.98,7.64,8.01,7.09,6.51,6.62,6.77,6.73,7.37
6,2024,برتقال أبو صرة مصري,Abu Sorra egyptian Orange,1 كجم,1 kg,6.0825,5.82,4.9,4.7,5.55,6.81,7.07,6.31,5.81,6.31,6.77,6.63,6.31
6,2023,برتقال أبو صرة مصري,Abu Sorra egyptian Orange,1 كجم,1 kg,6.36833,4.82,4.62,4.76,5.48,6.17,6.85,6.66,6.46,7.75,7.97,7.91,6.97
6,2022,برتقال أبو صرة مصري,Abu Sorra egyptian Orange,1 كجم,1 kg,5.80833,5.15,5.22,5.17,5.53,6.01,6.45,6.33,5.84,5.42,5.84,6.43,6.31
6,2021,برتقال أبو صرة مصري,Abu Sorra egyptian Orange,1 كجم,1 kg,5.63333,5.13,4.78,4.81,5.65,6.29,5.88,5.75,5.44,5.75,5.99,6.31,5.82
6,2020,برتقال أبو صرة مصري,Abu Sorra egyptian Orange,1 كجم,1 kg,6.3,4.27,4.17,5.12,6.75,6.73,6.41,6.36,6.83,7.42,7.42,7.64,6.48
6,2019,برتقال أبو صرة مصري,Abu Sorra egyptian Orange,1 كجم,1 kg,4.84325,4.366,4.133,4.33,4.62,4.8,4.85,4.76,5.17,5.44,5.52,5.29,4.84
6,2018,برتقال أبو صرة مصري,Abu Sorra egyptian Orange,1 كجم,1 kg,4.88775,4.302,4.381,4.419,4.964,5.139,5.244,4.736,4.782,5.078,5.433,5.275,4.9
6,2017,برتقال أبو صرة مصري,Abu Sorra egyptian Orange,1 كجم,1 kg,5.00008,4.128,4.245,4.547,5.15,5.189,5.26,5.035,5.204,5.474,5.515,5.512,4.742
6,2016,برتقال أبو صرة مصري,Abu Sorra egyptian Orange,1 كجم,1 kg,4.96892,4.478,4.03,4.112,4.804,5.273,5.214,4.992,5.069,5.479,5.561,5.555,5.06
6,2015,برتقال أبو صرة مصري,Abu Sorra egyptian Orange,1 كجم,1 kg,4.98875,4.325,4.238,4.24,4.995,5.381,5.032,4.875,5.057,5.468,5.588,5.619,5.047
6,2014,برتقال أبو صرة مصري,Abu Sorra egyptian Orange,1 كجم,1 kg,4.99217,4.502,4.381,4.362,4.884,5.421,5.371,5.21,5.124,5.029,5.334,5.324,4.964
6,2013,برتقال أبو صرة مصري,Abu Sorra egyptian Orange,1 كجم,1 kg,5.08142,4.459,4.36,4.372,5.038,5.13,5.545,5.195,5.132,5.345,5.7,5.875,4.826
6,2012,برتقال أبو صرة مصري,Abu Sorra egyptian Orange,1 كجم,1 kg,4.77467,4.397,4.106,4.379,4.579,5.039,5.014,4.689,4.687,4.991,5.404,5.159,4.852
6,2011,برتقال أبو صرة مصري,Abu Sorra egyptian Orange,1 كجم,1 kg,5.14217,4.51,4.745,4.726,5.043,5.482,5.299,5.043,5.257,5.255,5.585,5.785,4.976
6,2010,برتقال أبو صرة مصري,Abu Sorra egyptian Orange,1 كجم,1 kg,5.22025,4.465,4.133,4.466,5.081,5.539,5.976,5.314,5.413,5.784,6.378,5.267,4.827
6,2009,برتقال أبو صرة مصري,Abu Sorra egyptian Orange,1 كجم,1 kg,4.76367,4.217,4.006,4.113,4.656,5.033,5.412,4.982,4.943,4.925,4.817,5.252,4.808
6,2025,يوسفي باكستاني,Pakistani Mandarin,1 كجم,1 kg,7.87333,6.96,6.58,6.74,6.99,7.94,8.25,7.75,7.67,8.35,9.07,9.46,8.72
6,2024,يوسفي باكستاني,Pakistani Mandarin,1 كجم,1 kg,7.675,7.35,6.4,6.04,6.59,7.23,7.63,7.9,7.68,8.33,8.7,9.35,8.9
6,2023,يوسفي باكستاني,Pakistani Mandarin,1 كجم,1 kg,7.81,6.21,5.97,6.07,6.46,7.23,8.18,7.89,7.87,9.4,9.88,9.88,8.68
6,2022,يوسفي باكستاني,Pakistani Mandarin,1 كجم,1 kg,7.34,6.28,6.01,5.9,6.37,6.77,7.25,7.83,7.96,7.63,8.73,9.37,7.98
6,2021,يوسفي باكستاني,Pakistani Mandarin,1 كجم,1 kg,6.83667,5.56,5.37,5.41,5.96,6.26,6.81,7.39,7.46,7.92,8.27,8.2,7.43
6,2020,يوسفي باكستاني,Pakistani Mandarin,1 كجم,1 kg,6.82667,5.31,5.08,5.31,6.29,6.16,6.68,7.08,7.4,8.1,8.44,8.69,7.38
6,2019,يوسفي باكستاني,Pakistani Mandarin,1 كجم,1 kg,6.23858,5.421,5.442,5.59,5.66,6.02,6.17,6.3,6.71,6.73,6.86,7.4,6.56
6,2018,يوسفي باكستاني,Pakistani Mandarin,1 كجم,1 kg,6.63492,5.738,5.845,5.628,5.966,6.406,6.892,6.882,7.202,7.65,7.793,7.467,6.15
6,2017,يوسفي باكستاني,Pakistani Mandarin,1 كجم,1 kg,6.29583,4.918,4.842,4.982,5.526,6.101,6.534,7.245,7.245,7.212,7.351,7.145,6.449
6,2016,يوسفي باكستاني,Pakistani Mandarin,1 كجم,1 kg,6.71333,5.482,4.963,5.132,5.495,6.531,7.195,7.218,7.898,8.167,8.39,7.776,6.313
6,2015,يوسفي باكستاني,Pakistani Mandarin,1 كجم,1 kg,6.40408,5.646,5.039,5.165,5.625,5.991,6.192,6.433,6.256,7.091,8.123,8.256,7.032
6,2014,يوسفي باكستاني,Pakistani Mandarin,1 كجم,1 kg,6.29542,5.64,5.001,4.983,5.372,5.763,6.434,6.901,6.933,6.985,6.93,7.829,6.774
6,2013,يوسفي باكستاني,Pakistani Mandarin,1 كجم,1 kg,6.56042,5.998,5.387,5.19,5.394,5.833,6.698,7.342,7.323,7.467,7.666,7.711,6.716
6,2012,يوسفي باكستاني,Pakistani Mandarin,1 كجم,1 kg,6.17233,5.153,4.909,5.221,5.331,5.502,5.781,6.146,6.625,7.163,7.709,7.576,6.952
6,2011,يوسفي باكستاني,Pakistani Mandarin,1 كجم,1 kg,6.41425,5.445,5.243,5.26,5.808,6.314,6.804,7.25,7.316,7.353,6.686,7.03,6.462
6,2010,يوسفي باكستاني,Pakistani Mandarin,1 كجم,1 kg,6.38058,5.609,5.187,5.357,5.398,5.712,6.224,6.742,6.954,7.428,7.719,7.745,6.492
6,2009,يوسفي باكستاني,Pakistani Mandarin,1 كجم,1 kg,6.35992,5.141,4.782,4.917,5.257,6.092,6.655,6.761,6.768,7.813,7.925,7.636,6.572
6,2025,تفاح أحمر أمريكي,American red Apples,1 كجم,1 kg,8.83,8.4,8.35,8.4,8.33,8.73,8.9,9.07,9.01,9.01,9.2,9.38,9.18
6,2024,تفاح أحمر أمريكي,American red Apples,1 كجم,1 kg,8.80083,8.75,8.84,8.72,8.83,8.59,8.57,8.77,8.97,8.97,9.03,8.9,8.67
6,2023,تفاح أحمر أمريكي,American red Apples,1 كجم,1 kg,8.685,8.38,8.31,8.07,8.27,8.1,8.2,8.5,8.98,9.71,9.94,9.21,8.55
6,2022,تفاح أحمر أمريكي,American red Apples,1 كجم,1 kg,8.5425,8.31,8.25,8.17,8.41,8.53,8.57,8.61,8.57,8.77,9.12,8.73,8.47
6,2021,تفاح أحمر أمريكي,American red Apples,1 كجم,1 kg,8.12333,7.87,7.71,7.78,8.0,8.16,8.07,7.98,8.12,8.22,8.61,8.62,8.34
6,2020,تفاح أحمر أمريكي,American red Apples,1 كجم,1 kg,7.56167,7.29,7.16,7.26,7.39,7.54,7.35,7.69,7.62,7.67,7.92,7.9,7.95
6,2019,تفاح أحمر أمريكي,American red Apples,1 كجم,1 kg,7.35508,7.443,7.498,7.37,7.28,7.19,7.14,7.14,7.44,7.49,7.45,7.47,7.35
6,2018,تفاح أحمر أمريكي,American red Apples,1 كجم,1 kg,7.58908,7.755,7.699,7.51,7.259,7.35,7.501,7.604,7.723,7.809,7.709,7.637,7.513
6,2017,تفاح أحمر أمريكي,American red Apples,1 كجم,1 kg,7.18,7.366,7.412,6.995,7.022,6.996,7.129,7.213,7.215,7.138,7.195,7.209,7.27
6,2016,تفاح أحمر أمريكي,American red Apples,1 كجم,1 kg,7.49033,7.553,7.531,7.439,7.364,7.33,7.466,7.497,7.589,7.659,7.512,7.474,7.47
6,2015,تفاح أحمر أمريكي,American red Apples,1 كجم,1 kg,7.53867,7.794,7.729,7.719,7.462,7.403,7.441,7.512,7.488,7.391,7.578,7.518,7.429
6,2014,تفاح أحمر أمريكي,American red Apples,1 كجم,1 kg,8.20808,7.78,7.953,8.076,8.133,8.172,8.187,8.263,8.672,8.677,8.542,8.108,7.934
6,2013,تفاح أحمر أمريكي,American red Apples,1 كجم,1 kg,7.96308,7.928,8.016,8.252,8.256,8.179,8.076,7.999,7.83,7.616,7.829,7.883,7.693
6,2012,تفاح أحمر أمريكي,American red Apples,1 كجم,1 kg,7.62892,7.249,7.295,7.158,7.306,7.355,7.315,7.746,8.131,8.115,7.939,7.939,7.999
6,2011,تفاح أحمر أمريكي,American red Apples,1 كجم,1 kg,7.07492,7.104,7.104,7.122,7.034,6.978,6.909,6.964,7.085,7.032,7.091,7.254,7.222
6,2010,تفاح أحمر أمريكي,American red Apples,1 كجم,1 kg,6.85258,6.721,6.652,6.915,7.097,6.938,6.871,6.785,6.837,6.726,6.728,6.92,7.041
6,2009,تفاح أحمر أمريكي,American red Apples,1 كجم,1 kg,6.75383,6.843,6.865,6.858,6.954,6.79,6.643,6.68,6.578,6.782,6.718,6.608,6.727
6,2025,تفاح أصفر,Yellow Apples,1 كجم,1 kg,8.89333,8.39,8.39,8.56,8.57,8.8,8.9,8.87,9.1,9.37,9.32,9.24,9.21
6,2024,تفاح أصفر,Yellow Apples,1 كجم,1 kg,8.78417,8.82,9.08,9.08,8.59,8.57,8.5,8.6,8.71,8.93,9.02,8.94,8.57
6,2023,تفاح أصفر,Yellow Apples,1 كجم,1 kg,9.1575,8.92,8.81,8.81,9.02,8.88,8.94,9.04,9.51,9.73,10.11,9.31,8.81
6,2022,تفاح أصفر,Yellow Apples,1 كجم,1 kg,9.03417,8.91,8.98,8.89,8.93,9.08,8.86,8.81,8.81,9.21,9.53,9.31,9.09
6,2021,تفاح أصفر,Yellow Apples,1 كجم,1 kg,8.785,8.43,8.47,8.51,8.68,8.82,8.66,8.71,8.79,9.04,9.19,9.1,9.02
6,2020,تفاح أصفر,Yellow Apples,1 كجم,1 kg,8.0375,7.37,7.33,7.61,7.79,7.85,7.75,8.16,8.5,8.71,8.67,8.38,8.33
6,2019,تفاح أصفر,Yellow Apples,1 كجم,1 kg,7.4125,7.421,7.359,7.3,7.36,7.38,7.33,7.35,7.48,7.6,7.63,7.36,7.38
6,2018,تفاح أصفر,Yellow Apples,1 كجم,1 kg,7.6335,7.3,7.151,7.524,7.635,7.582,7.695,7.882,7.886,7.856,7.909,7.7,7.482
6,2017,تفاح أصفر,Yellow Apples,1 كجم,1 kg,6.55067,6.495,6.52,6.426,6.053,6.38,6.424,6.449,6.594,6.799,6.849,6.83,6.789
6,2016,تفاح أصفر,Yellow Apples,1 كجم,1 kg,6.68208,6.671,6.601,6.723,6.466,6.504,6.669,6.553,6.506,6.689,7.061,6.963,6.779
6,2015,تفاح أصفر,Yellow Apples,1 كجم,1 kg,6.79233,6.725,6.692,6.709,6.704,6.729,6.832,6.771,6.95,7.181,6.872,6.795,6.548
6,2014,تفاح أصفر,Yellow Apples,1 كجم,1 kg,7.06067,6.809,6.879,6.851,6.895,7.012,6.989,7.146,7.453,7.332,7.204,7.213,6.945
6,2013,تفاح أصفر,Yellow Apples,1 كجم,1 kg,6.8895,6.974,6.834,6.746,6.833,6.763,6.723,6.842,6.787,7.038,7.192,7.082,6.86
6,2012,تفاح أصفر,Yellow Apples,1 كجم,1 kg,6.91325,6.604,6.688,6.562,6.723,6.795,6.918,7.094,7.332,7.187,7.065,7.065,6.926
6,2011,تفاح أصفر,Yellow Apples,1 كجم,1 kg,6.6535,6.315,6.449,6.3,6.572,6.774,6.932,6.933,6.858,6.963,6.62,6.57,6.556
6,2010,تفاح أصفر,Yellow Apples,1 كجم,1 kg,6.2555,5.955,5.907,6.086,6.131,6.306,6.348,6.429,6.547,6.451,6.276,6.326,6.304
6,2009,تفاح أصفر,Yellow Apples,1 كجم,1 kg,6.053,5.608,5.61,5.705,5.842,6.178,6.456,6.536,6.309,6.678,5.901,5.758,6.055
6,2025,كمثرى وسط لبناني,Medium Lebanese Pears,1 كجم,1 kg,12.3375,13.42,13.79,12.99,12.87,12.47,12.07,11.34,11.03,11.84,11.88,12.32,12.03
6,2024,كمثرى وسط لبناني,Medium Lebanese Pears,1 كجم,1 kg,13.15667,13.4,14.12,13.53,13.11,12.68,12.72,13.02,13.14,13.06,12.86,12.95,13.29
6,2023,كمثرى وسط لبناني,Medium Lebanese Pears,1 كجم,1 kg,12.34333,12.3,13.05,12.36,12.14,12.1,11.7,11.97,12.81,12.19,12.16,12.53,12.81
6,2022,كمثرى وسط لبناني,Medium Lebanese Pears,1 كجم,1 kg,12.05667,12.54,12.77,12.55,12.01,12.41,11.91,11.51,11.39,11.94,12.11,11.86,11.68
6,2021,كمثرى وسط لبناني,Medium Lebanese Pears,1 كجم,1 kg,11.41583,11.14,11.47,11.34,10.92,11.22,11.15,10.98,11.3,11.22,11.44,12.27,12.54
6,2020,كمثرى وسط لبناني,Medium Lebanese Pears,1 كجم,1 kg,11.06333,10.64,10.95,11.26,11.43,11.42,10.72,10.7,11.09,10.76,10.87,11.57,11.35
6,2019,كمثرى وسط لبناني,Medium Lebanese Pears,1 كجم,1 kg,10.95233,11.193,11.185,11.0,10.84,10.95,10.69,10.52,10.97,11.17,11.21,10.83,10.87
6,2018,كمثرى وسط لبناني,Medium Lebanese Pears,1 كجم,1 kg,11.18167,11.175,11.212,11.124,11.199,10.917,11.132,10.958,11.348,11.319,11.406,11.34,11.05
6,2017,كمثرى وسط لبناني,Medium Lebanese Pears,1 كجم,1 kg,11.14208,11.067,11.202,11.133,10.841,11.09,11.286,11.069,11.121,11.279,11.265,11.114,11.238
6,2016,كمثرى وسط لبناني,Medium Lebanese Pears,1 كجم,1 kg,11.09567,11.364,11.372,11.245,11.281,10.972,11.153,10.951,10.921,10.831,10.828,11.31,10.92
6,2015,كمثرى وسط لبناني,Medium Lebanese Pears,1 كجم,1 kg,11.60575,12.081,12.306,12.16,11.374,11.544,11.444,11.365,11.257,11.106,11.081,11.824,11.727
6,2014,كمثرى وسط لبناني,Medium Lebanese Pears,1 كجم,1 kg,10.83875,10.709,10.732,11.343,10.929,10.622,10.228,10.467,10.305,10.171,10.62,11.81,12.129
6,2013,كمثرى وسط لبناني,Medium Lebanese Pears,1 كجم,1 kg,10.61008,11.014,11.046,10.982,10.669,10.288,10.118,10.582,10.412,9.819,10.383,11.122,10.886
6,2012,كمثرى وسط لبناني,Medium Lebanese Pears,1 كجم,1 kg,10.62808,10.806,11.065,11.301,10.492,10.789,10.534,10.268,10.478,10.524,10.084,10.565,10.631
6,2011,كمثرى وسط لبناني,Medium Lebanese Pears,1 كجم,1 kg,10.68633,10.386,10.886,11.139,11.032,10.884,10.888,10.77,10.395,10.417,9.918,10.704,10.817
6,2010,كمثرى وسط لبناني,Medium Lebanese Pears,1 كجم,1 kg,9.65025,8.962,9.479,9.972,9.614,9.477,9.071,9.146,9.353,10.06,10.138,10.277,10.254
6,2009,كمثرى وسط لبناني,Medium Lebanese Pears,1 كجم,1 kg,9.65025,10.258,10.137,10.474,10.372,9.724,9.158,9.113,9.327,9.65,9.22,9.015,9.355
6,2025,برقوق / بخارى تركي,Turkish Plums,1 كجم,1 kg,15.25583,14.91,15.39,15.18,16.5,16.87,15.55,14.77,15.17,15.37,14.99,14.67,13.7
6,2024,برقوق / بخارى تركي,Turkish Plums,1 كجم,1 kg,15.26917,15.2,15.59,14.59,16.46,18.16,16.92,15.97,14.31,13.75,14.49,14.07,13.72
6,2023,برقوق / بخارى تركي,Turkish Plums,1 كجم,1 kg,14.4275,12.89,13.33,12.48,15.42,16.41,15.72,15.48,14.18,13.35,14.45,14.9,14.52
6,2022,برقوق / بخارى تركي,Turkish Plums,1 كجم,1 kg,14.00417,14.97,14.91,13.03,14.97,15.19,14.81,14.71,13.72,13.03,13.49,12.84,12.38
6,2021,برقوق / بخارى تركي,Turkish Plums,1 كجم,1 kg,13.24417,14.24,13.72,13.11,12.06,12.73,13.01,12.97,12.88,12.97,13.7,13.52,14.02
6,2020,برقوق / بخارى تركي,Turkish Plums,1 كجم,1 kg,12.70667,11.55,12.09,12.86,13.21,13.21,12.65,13.16,12.34,11.58,12.51,13.42,13.9
6,2019,برقوق / بخارى تركي,Turkish Plums,1 كجم,1 kg,12.69333,13.462,13.848,13.74,13.49,12.92,12.62,12.42,12.26,11.91,12.21,11.91,11.53
6,2018,برقوق / بخارى تركي,Turkish Plums,1 كجم,1 kg,13.0295,13.329,13.935,13.524,13.653,13.146,12.859,12.563,12.5,12.56,12.684,12.658,12.943
6,2017,برقوق / بخارى تركي,Turkish Plums,1 كجم,1 kg,12.38367,12.707,12.751,12.789,12.798,12.871,13.006,12.349,12.19,11.925,11.769,11.428,12.021
6,2016,برقوق / بخارى تركي,Turkish Plums,1 كجم,1 kg,12.88925,13.305,13.566,12.938,12.949,12.604,13.116,13.371,12.739,12.492,12.676,12.609,12.306
6,2015,برقوق / بخارى تركي,Turkish Plums,1 كجم,1 kg,13.4925,14.025,13.578,13.601,13.849,13.73,13.834,13.536,12.932,12.756,13.315,13.524,13.23
6,2014,برقوق / بخارى تركي,Turkish Plums,1 كجم,1 kg,13.59217,14.185,14.202,13.909,13.726,14.19,13.143,12.77,13.208,13.378,13.829,13.012,13.554
6,2013,برقوق / بخارى تركي,Turkish Plums,1 كجم,1 kg,13.46917,14.811,13.831,13.181,13.665,13.471,12.865,12.821,13.169,13.115,13.439,13.768,13.494
6,2012,برقوق / بخارى تركي,Turkish Plums,1 كجم,1 kg,12.66258,13.372,13.312,12.641,13.307,12.756,11.901,11.57,12.731,12.37,11.872,12.715,13.404
6,2011,برقوق / بخارى تركي,Turkish Plums,1 كجم,1 kg,12.01558,12.169,12.427,12.611,12.835,12.671,11.982,11.202,11.243,11.536,10.999,11.963,12.549
6,2010,برقوق / بخارى تركي,Turkish Plums,1 كجم,1 kg,11.9045,13.142,13.073,12.797,12.736,11.898,11.463,10.75,10.977,11.506,11.185,11.688,11.639
6,2009,برقوق / بخارى تركي,Turkish Plums,1 كجم,1 kg,11.37683,13.895,13.893,12.616,11.78,11.426,11.323,10.301,9.973,9.914,9.817,9.878,11.706
6,2025,خوخ لبناني,Lebanese Peach,1 كجم,1 kg,16.82583,19.29,18.74,19.27,18.85,16.75,15.44,14.89,14.46,14.92,15.32,16.08,17.9
6,2024,خوخ لبناني,Lebanese Peach,1 كجم,1 kg,16.80417,17.87,19.38,19.41,18.99,16.83,15.23,15.02,14.85,13.74,13.76,17.48,19.09
6,2023,خوخ لبناني,Lebanese Peach,1 كجم,1 kg,15.4275,18.66,18.37,18.11,18.89,15.85,13.94,13.44,13.05,12.82,12.63,13.58,15.79
6,2022,خوخ لبناني,Lebanese Peach,1 كجم,1 kg,15.67667,16.63,16.86,17.03,17.95,16.05,15.21,14.45,14.4,13.34,13.88,15.08,17.24
6,2021,خوخ لبناني,Lebanese Peach,1 كجم,1 kg,14.69417,13.79,15.26,16.27,15.91,14.45,14.16,13.44,13.85,14.08,13.81,14.3,17.01
6,2020,خوخ لبناني,Lebanese Peach,1 كجم,1 kg,13.90333,14.23,14.72,15.83,15.96,15.7,13.16,13.02,12.57,12.08,12.08,12.95,14.54
6,2019,خوخ لبناني,Lebanese Peach,1 كجم,1 kg,13.67583,15.121,14.999,15.1,14.91,13.94,13.01,12.82,12.64,12.57,12.41,12.55,14.04
6,2018,خوخ لبناني,Lebanese Peach,1 كجم,1 kg,14.47192,15.105,15.883,16.203,15.244,13.776,14.082,13.708,13.578,13.122,13.787,14.166,15.009
6,2017,خوخ لبناني,Lebanese Peach,1 كجم,1 kg,13.2025,13.1,13.819,14.081,13.974,13.527,13.308,12.595,12.395,12.408,12.397,12.987,13.839
6,2016,خوخ لبناني,Lebanese Peach,1 كجم,1 kg,13.35333,13.599,14.521,14.594,14.416,13.322,13.407,13.251,12.83,12.499,12.33,12.815,12.656
6,2015,خوخ لبناني,Lebanese Peach,1 كجم,1 kg,13.77417,13.736,14.52,14.561,14.502,14.157,13.823,13.177,12.637,12.476,12.358,15.035,14.308
6,2014,خوخ لبناني,Lebanese Peach,1 كجم,1 kg,13.72842,16.089,15.929,15.587,14.894,12.566,12.236,12.181,12.307,11.786,12.71,13.872,14.584
6,2013,خوخ لبناني,Lebanese Peach,1 كجم,1 kg,13.55033,16.005,15.42,15.163,15.633,12.412,11.857,12.753,12.444,10.682,11.814,13.021,15.4
6,2012,خوخ لبناني,Lebanese Peach,1 كجم,1 kg,13.419,14.304,15.935,15.788,14.751,13.374,12.588,11.981,12.777,11.972,11.37,11.887,14.301
6,2011,خوخ لبناني,Lebanese Peach,1 كجم,1 kg,12.80467,14.288,15.119,14.882,14.862,12.638,11.628,11.39,11.206,11.197,10.904,11.905,13.637
6,2010,خوخ لبناني,Lebanese Peach,1 كجم,1 kg,11.30783,13.378,13.415,12.752,11.729,9.695,10.404,10.204,10.641,10.14,10.066,10.808,12.462
6,2009,خوخ لبناني,Lebanese Peach,1 كجم,1 kg,11.384,15.315,14.067,14.208,13.311,10.393,10.122,9.819,9.786,9.524,9.345,9.256,11.462
6,2025,رمان هندي,Indian Pomegranates,1 كجم,1 kg,14.17667,13.86,14.19,15.03,16.3,15.11,14.8,14.79,14.98,13.86,12.9,11.81,12.49
6,2024,رمان هندي,Indian Pomegranates,1 كجم,1 kg,13.60333,12.28,12.72,12.41,12.71,14.0,15.12,16.2,14.69,13.8,13.27,12.93,13.11
6,2023,رمان هندي,Indian Pomegranates,1 كجم,1 kg,14.83,15.29,15.79,15.43,16.07,15.63,15.04,15.49,16.61,14.35,13.58,12.62,12.06
6,2022,رمان هندي,Indian Pomegranates,1 كجم,1 kg,15.275,13.74,13.82,15.14,15.66,15.95,16.27,16.21,16.67,15.55,14.85,14.57,14.87
6,2021,رمان هندي,Indian Pomegranates,1 كجم,1 kg,14.2625,12.28,13.48,14.2,15.49,15.77,15.32,15.6,15.56,15.25,14.16,12.24,11.8
6,2020,رمان هندي,Indian Pomegranates,1 كجم,1 kg,13.65833,12.65,12.2,13.0,13.38,13.75,13.88,14.44,14.9,13.98,14.21,14.02,13.49
6,2019,رمان هندي,Indian Pomegranates,1 كجم,1 kg,13.06125,13.6,12.915,12.25,11.86,12.52,12.98,13.05,13.92,13.66,13.57,13.42,12.99
6,2018,رمان هندي,Indian Pomegranates,1 كجم,1 kg,13.69467,12.405,12.743,13.067,14.084,13.919,14.486,14.607,14.725,12.971,13.168,13.848,14.313
6,2017,رمان هندي,Indian Pomegranates,1 كجم,1 kg,12.55608,12.433,12.851,12.703,13.292,13.296,13.186,13.007,12.557,12.278,11.522,11.673,11.875
6,2016,رمان هندي,Indian Pomegranates,1 كجم,1 kg,13.43058,13.007,13.304,12.74,12.77,13.107,14.792,15.139,14.731,14.208,13.057,12.548,11.764
6,2015,رمان هندي,Indian Pomegranates,1 كجم,1 kg,14.62983,13.902,14.224,14.912,14.987,16.561,16.864,16.941,15.086,13.984,13.441,12.701,11.955
6,2014,رمان هندي,Indian Pomegranates,1 كجم,1 kg,14.9005,14.508,15.092,15.828,15.664,15.399,15.798,15.895,15.784,14.229,12.879,13.783,13.947
6,2013,رمان هندي,Indian Pomegranates,1 كجم,1 kg,14.61667,12.941,14.827,15.564,17.297,16.108,15.904,16.736,14.326,12.791,13.065,12.362,13.479
6,2012,رمان هندي,Indian Pomegranates,1 كجم,1 kg,13.868,13.28,14.201,15.689,16.758,16.956,15.831,16.014,13.252,11.439,11.86,10.087,11.049
6,2011,رمان هندي,Indian Pomegranates,1 كجم,1 kg,12.9945,12.019,13.539,14.464,15.282,15.617,15.617,14.846,12.235,11.355,10.866,10.031,10.063
6,2010,رمان هندي,Indian Pomegranates,1 كجم,1 kg,11.64342,9.772,11.457,12.94,13.469,13.982,15.008,14.298,11.198,9.865,7.61,8.588,11.534
6,2009,رمان هندي,Indian Pomegranates,1 كجم,1 kg,10.36158,10.782,11.278,11.431,11.298,11.608,11.93,11.276,9.928,9.174,8.292,7.723,9.619
6,2025,عنب محلي,Local Grapes,1 كجم,1 kg,13.8075,15.52,15.57,14.98,14.72,13.89,13.56,12.07,11.56,12.66,13.48,13.63,14.05
6,2024,عنب محلي,Local Grapes,1 كجم,1 kg,13.355,13.76,14.25,14.24,14.21,14.49,14.45,12.0,11.28,11.89,12.14,13.41,14.14
6,2023,عنب محلي,Local Grapes,1 كجم,1 kg,12.63167,14.18,14.22,13.38,13.14,12.39,11.7,11.54,10.81,12.59,11.89,12.58,13.16
6,2022,عنب محلي,Local Grapes,1 كجم,1 kg,12.87667,13.73,14.75,14.41,14.99,15.14,12.21,10.81,11.27,12.05,12.18,10.5,12.48
6,2021,عنب محلي,Local Grapes,1 كجم,1 kg,12.1525,12.61,13.53,14.1,12.66,13.44,11.36,10.8,11.13,11.87,10.79,10.94,12.6
6,2020,عنب محلي,Local Grapes,1 كجم,1 kg,11.41667,11.07,11.29,13.14,13.41,13.34,11.38,9.64,9.16,10.26,11.08,10.95,12.28
6,2019,عنب محلي,Local Grapes,1 كجم,1 kg,10.72633,11.449,10.767,10.93,11.1,11.07,10.76,8.97,9.61,10.94,10.87,10.99,11.26
6,2018,عنب محلي,Local Grapes,1 كجم,1 kg,11.03108,12.215,12.247,11.661,12.139,11.535,10.45,9.513,10.142,9.944,10.284,11.05,11.193
6,2017,عنب محلي,Local Grapes,1 كجم,1 kg,10.84083,11.714,11.665,11.506,10.967,11.116,10.137,10.007,10.708,10.078,10.304,11.194,10.694
6,2016,عنب محلي,Local Grapes,1 كجم,1 kg,10.75942,12.157,11.707,11.378,11.532,10.686,10.004,9.913,10.123,10.398,10.78,10.206,10.229
6,2015,عنب محلي,Local Grapes,1 كجم,1 kg,11.65792,12.723,11.914,12.01,12.453,12.101,11.836,11.138,10.475,10.513,11.177,11.29,12.265
6,2014,عنب محلي,Local Grapes,1 كجم,1 kg,11.51008,13.273,12.907,12.172,12.352,12.464,10.732,10.149,10.377,10.325,10.907,10.749,11.714
6,2013,عنب محلي,Local Grapes,1 كجم,1 kg,11.10258,13.289,11.495,10.9,11.728,11.906,10.978,10.147,9.915,10.047,9.958,11.342,11.526
6,2012,عنب محلي,Local Grapes,1 كجم,1 kg,10.625,11.016,11.488,11.367,9.347,10.008,10.576,9.654,9.954,10.134,10.523,11.538,11.895
6,2011,عنب محلي,Local Grapes,1 كجم,1 kg,10.21733,11.186,11.724,11.307,10.932,11.246,11.517,9.28,9.292,9.029,8.286,8.478,10.331
6,2010,عنب محلي,Local Grapes,1 كجم,1 kg,9.64942,10.265,12.208,11.397,9.845,10.286,9.094,8.215,8.015,8.227,8.583,9.312,10.346
6,2009,عنب محلي,Local Grapes,1 كجم,1 kg,9.47683,11.301,11.237,10.384,10.678,11.578,9.847,8.142,7.347,8.08,7.477,8.079,9.572
6,2025,عنب لبناني,Lebanese Grapes,1 كجم,1 kg,15.80667,16.94,16.94,16.87,16.86,16.14,15.97,15.01,14.31,14.21,15.2,15.32,15.91
6,2024,عنب لبناني,Lebanese Grapes,1 كجم,1 kg,15.99667,16.24,16.41,15.99,16.93,17.79,17.08,15.68,14.48,14.8,14.86,15.4,16.3
6,2023,عنب لبناني,Lebanese Grapes,1 كجم,1 kg,14.60417,15.43,15.73,15.59,15.73,15.54,14.43,13.97,13.06,12.63,13.38,14.56,15.2
6,2022,عنب لبناني,Lebanese Grapes,1 كجم,1 kg,15.56,16.86,16.67,16.99,16.82,17.47,16.54,15.24,14.02,13.55,13.98,13.58,15.0
6,2021,عنب لبناني,Lebanese Grapes,1 كجم,1 kg,14.47,13.2,13.32,13.84,14.04,15.37,14.89,14.72,13.47,14.4,14.61,15.12,16.66
6,2020,عنب لبناني,Lebanese Grapes,1 كجم,1 kg,13.14333,12.96,12.62,12.9,14.57,14.55,13.36,12.69,12.43,12.63,13.2,12.79,13.02
6,2019,عنب لبناني,Lebanese Grapes,1 كجم,1 kg,13.18858,13.449,13.524,13.2,13.4,13.15,13.21,13.31,12.86,12.79,13.06,13.05,13.26
6,2018,عنب لبناني,Lebanese Grapes,1 كجم,1 kg,13.30125,13.791,13.812,13.686,13.869,13.649,13.85,13.158,12.887,12.636,12.558,12.614,13.105
6,2017,عنب لبناني,Lebanese Grapes,1 كجم,1 kg,13.08608,13.342,13.249,13.484,13.567,13.64,13.51,13.15,12.988,12.551,12.786,12.371,12.395
6,2016,عنب لبناني,Lebanese Grapes,1 كجم,1 kg,13.4885,12.656,13.047,13.663,14.393,13.639,14.411,13.993,13.46,13.738,12.644,13.246,12.972
6,2015,عنب لبناني,Lebanese Grapes,1 كجم,1 kg,13.65683,14.354,14.056,13.525,14.04,14.511,14.549,13.959,12.691,13.028,13.025,13.028,13.116
6,2014,عنب لبناني,Lebanese Grapes,1 كجم,1 kg,13.09233,13.034,13.318,12.916,12.667,13.678,13.64,13.39,12.724,12.809,12.543,12.872,13.517
6,2013,عنب لبناني,Lebanese Grapes,1 كجم,1 kg,13.42558,13.732,13.112,12.813,13.347,14.434,13.692,13.528,13.787,13.34,13.157,13.143,13.022
6,2012,عنب لبناني,Lebanese Grapes,1 كجم,1 kg,12.44033,11.933,12.615,12.459,12.04,12.329,12.705,12.217,12.202,12.824,12.212,12.864,12.884
6,2011,عنب لبناني,Lebanese Grapes,1 كجم,1 kg,12.13233,11.681,12.528,12.51,12.641,13.068,12.817,11.898,12.261,11.797,11.243,11.601,11.543
6,2010,عنب لبناني,Lebanese Grapes,1 كجم,1 kg,10.99508,9.444,11.001,10.998,11.279,11.766,11.836,11.032,10.579,11.078,10.733,11.025,11.17
6,2009,عنب لبناني,Lebanese Grapes,1 كجم,1 kg,9.91875,9.488,9.392,9.534,9.142,10.729,10.988,10.406,10.142,10.348,9.459,9.944,9.453
6,2025,شمام محلي,Local Melon,1 كجم,1 kg,4.83083,4.98,5.18,5.74,5.64,4.94,4.86,4.37,4.31,4.42,4.4,4.54,4.59
6,2024,شمام محلي,Local Melon,1 كجم,1 kg,4.81583,4.6,5.15,5.71,5.49,4.76,3.98,4.48,4.64,4.97,4.77,4.61,4.63
6,2023,شمام محلي,Local Melon,1 كجم,1 kg,4.68083,4.98,5.78,5.8,5.57,4.56,3.92,4.17,4.29,4.41,4.22,4.28,4.19
6,2022,شمام محلي,Local Melon,1 كجم,1 kg,4.75,4.9,5.57,5.94,6.18,4.95,4.25,4.1,4.25,4.37,4.26,4.07,4.16
6,2021,شمام محلي,Local Melon,1 كجم,1 kg,4.46333,4.23,5.12,5.22,5.5,4.6,3.69,3.65,4.08,4.38,4.32,4.23,4.54
6,2020,شمام محلي,Local Melon,1 كجم,1 kg,4.34333,4.19,5.31,5.87,4.69,4.65,3.77,3.75,4.17,4.14,3.82,3.79,3.97
6,2019,شمام محلي,Local Melon,1 كجم,1 kg,3.79758,4.14,4.451,4.31,3.98,3.9,3.44,3.44,3.55,3.66,3.52,3.51,3.67
6,2018,شمام محلي,Local Melon,1 كجم,1 kg,3.85925,4.281,4.798,4.871,4.376,3.511,3.468,3.444,3.529,3.488,3.431,3.355,3.759
6,2017,شمام محلي,Local Melon,1 كجم,1 kg,4.086,4.384,4.747,4.828,4.587,4.055,3.774,3.656,3.782,3.821,3.815,3.719,3.864
6,2016,شمام محلي,Local Melon,1 كجم,1 kg,4.207,4.98,4.944,5.113,5.004,3.967,3.754,3.737,3.984,3.831,3.642,3.609,3.919
6,2015,شمام محلي,Local Melon,1 كجم,1 kg,4.43425,4.687,5.36,5.726,5.221,4.273,3.781,3.773,4.084,4.374,3.856,3.833,4.243
6,2014,شمام محلي,Local Melon,1 كجم,1 kg,4.218,4.477,4.99,5.068,4.68,3.745,3.662,3.733,3.871,3.987,4.042,4.066,4.295
6,2013,شمام محلي,Local Melon,1 كجم,1 kg,4.1445,4.574,4.94,5.095,4.779,3.998,3.403,3.633,3.81,3.689,3.675,3.99,4.148
6,2012,شمام محلي,Local Melon,1 كجم,1 kg,4.0605,4.437,4.951,4.825,4.713,4.354,3.229,3.114,3.598,3.847,3.706,3.955,3.997
6,2011,شمام محلي,Local Melon,1 كجم,1 kg,3.57467,3.85,4.063,4.477,4.337,3.455,3.014,2.855,3.207,3.231,3.132,3.517,3.758
6,2010,شمام محلي,Local Melon,1 كجم,1 kg,3.34133,3.611,4.105,4.885,3.795,3.018,2.607,2.518,2.993,2.975,2.823,3.178,3.588
6,2009,شمام محلي,Local Melon,1 كجم,1 kg,3.347,4.27,4.446,4.606,4.103,2.909,2.737,2.612,2.822,2.995,2.723,2.73,3.211
6,2025,حبحب (بطيخ) محلي,Local watermelon,1 كجم,1 kg,3.24917,3.29,3.32,3.21,3.31,3.37,3.24,3.09,2.98,3.25,3.3,3.3,3.33
6,2024,حبحب (بطيخ) محلي,Local watermelon,1 كجم,1 kg,3.14167,3.02,3.26,3.21,3.21,3.1,3.14,3.1,3.18,3.17,3.21,3.12,2.98
6,2023,حبحب (بطيخ) محلي,Local watermelon,1 كجم,1 kg,2.97583,3.21,3.56,3.35,3.22,2.83,2.79,2.72,2.68,2.85,2.89,2.81,2.8
6,2022,حبحب (بطيخ) محلي,Local watermelon,1 كجم,1 kg,2.97333,3.09,3.24,3.29,3.66,3.18,3.06,2.93,2.68,2.62,2.58,2.55,2.8
6,2021,حبحب (بطيخ) محلي,Local watermelon,1 كجم,1 kg,2.68167,2.65,3.04,3.04,2.95,2.72,2.5,2.51,2.4,2.42,2.53,2.68,2.74
6,2020,حبحب (بطيخ) محلي,Local watermelon,1 كجم,1 kg,2.61083,2.43,2.82,3.1,2.96,2.93,2.7,2.51,2.32,2.42,2.37,2.36,2.41
6,2019,حبحب (بطيخ) محلي,Local watermelon,1 كجم,1 kg,2.50775,2.819,2.774,2.62,2.73,2.58,2.44,2.41,2.31,2.28,2.37,2.39,2.37
6,2018,حبحب (بطيخ) محلي,Local watermelon,1 كجم,1 kg,2.4905,2.489,2.84,2.901,2.901,2.542,2.401,2.263,2.289,2.237,2.323,2.277,2.423
6,2017,حبحب (بطيخ) محلي,Local watermelon,1 كجم,1 kg,2.47942,2.501,2.886,3.386,3.096,2.534,2.348,2.326,2.197,2.109,2.063,2.074,2.233
6,2016,حبحب (بطيخ) محلي,Local watermelon,1 كجم,1 kg,2.6735,2.971,3.449,3.628,3.392,2.629,2.42,2.264,2.192,2.301,2.278,2.281,2.277
6,2015,حبحب (بطيخ) محلي,Local watermelon,1 كجم,1 kg,2.60917,2.813,2.808,3.18,3.004,2.706,2.465,2.394,2.284,2.355,2.307,2.381,2.613
6,2014,حبحب (بطيخ) محلي,Local watermelon,1 كجم,1 kg,2.39417,2.496,2.825,2.914,2.827,2.454,2.237,2.155,2.087,1.995,2.019,2.254,2.467
6,2013,حبحب (بطيخ) محلي,Local watermelon,1 كجم,1 kg,2.53608,2.673,2.857,3.296,3.308,2.675,2.307,2.266,2.093,2.022,2.146,2.372,2.418
6,2012,حبحب (بطيخ) محلي,Local watermelon,1 كجم,1 kg,2.48417,2.727,3.125,3.086,3.092,2.767,2.08,1.962,2.004,2.065,2.18,2.345,2.377
6,2011,حبحب (بطيخ) محلي,Local watermelon,1 كجم,1 kg,2.15792,2.19,2.662,2.828,2.54,2.101,1.953,1.85,1.785,1.842,1.848,1.999,2.297
6,2010,حبحب (بطيخ) محلي,Local watermelon,1 كجم,1 kg,1.88683,2.106,2.385,2.496,2.517,1.779,1.668,1.58,1.505,1.495,1.43,1.727,1.954
6,2009,حبحب (بطيخ) محلي,Local watermelon,1 كجم,1 kg,1.81325,2.214,1.952,1.898,2.026,1.795,1.74,1.697,1.58,1.848,1.519,1.649,1.841
6,2025,تمر (مكنوز) إخلاص,"Ekhilas Dates, (Maknoz)",1 كجم,1 kg,15.85917,15.95,16.12,15.91,16.06,15.95,15.97,15.87,15.73,15.69,15.71,15.75,15.6
6,2024,تمر (مكنوز) إخلاص,"Ekhilas Dates, (Maknoz)",1 كجم,1 kg,15.78417,15.51,15.28,15.5,15.49,15.41,15.63,15.95,15.93,16.13,16.44,16.2,15.94
6,2023,تمر (مكنوز) إخلاص,"Ekhilas Dates, (Maknoz)",1 كجم,1 kg,15.08417,14.92,14.97,15.06,15.09,14.99,15.01,15.09,14.93,15.33,15.12,15.11,15.39
6,2022,تمر (مكنوز) إخلاص,"Ekhilas Dates, (Maknoz)",1 كجم,1 kg,14.47417,14.72,14.64,14.62,14.8,14.47,14.42,14.19,14.15,14.27,14.53,14.46,14.42
6,2021,تمر (مكنوز) إخلاص,"Ekhilas Dates, (Maknoz)",1 كجم,1 kg,14.68,15.0,14.99,14.75,14.97,14.78,14.57,14.5,14.58,14.44,14.42,14.49,14.67
6,2020,تمر (مكنوز) إخلاص,"Ekhilas Dates, (Maknoz)",1 كجم,1 kg,14.58333,14.49,14.3,14.32,14.36,14.42,14.26,14.94,14.85,14.67,14.7,14.81,14.88
6,2019,تمر (مكنوز) إخلاص,"Ekhilas Dates, (Maknoz)",1 كجم,1 kg,14.53175,14.431,14.73,14.95,14.83,14.86,14.66,14.52,14.31,14.32,14.27,14.13,14.37
6,2018,تمر (مكنوز) إخلاص,"Ekhilas Dates, (Maknoz)",1 كجم,1 kg,14.55442,14.817,14.719,14.746,14.671,14.554,14.607,14.582,14.468,14.325,14.353,14.38,14.431
6,2017,تمر (مكنوز) إخلاص,"Ekhilas Dates, (Maknoz)",1 كجم,1 kg,14.87325,15.011,15.074,15.092,14.912,14.881,14.919,14.713,14.667,14.739,14.784,14.846,14.841
6,2016,تمر (مكنوز) إخلاص,"Ekhilas Dates, (Maknoz)",1 كجم,1 kg,15.233,15.296,15.23,15.108,15.259,15.406,15.456,15.294,15.274,15.142,15.16,15.161,15.01
6,2015,تمر (مكنوز) إخلاص,"Ekhilas Dates, (Maknoz)",1 كجم,1 kg,14.71192,14.554,14.653,15.176,15.041,14.647,14.79,14.723,14.433,14.348,14.489,14.724,14.965
6,2014,تمر (مكنوز) إخلاص,"Ekhilas Dates, (Maknoz)",1 كجم,1 kg,14.91767,15.441,15.501,15.293,15.383,15.447,15.405,15.368,14.543,14.055,13.99,14.242,14.344
6,2013,تمر (مكنوز) إخلاص,"Ekhilas Dates, (Maknoz)",1 كجم,1 kg,15.55725,16.219,15.888,15.805,15.711,15.681,15.485,15.352,15.387,15.121,15.327,15.254,15.457
6,2012,تمر (مكنوز) إخلاص,"Ekhilas Dates, (Maknoz)",1 كجم,1 kg,16.10692,16.317,16.219,16.229,16.347,16.296,16.138,15.994,15.843,15.797,15.817,15.993,16.293
6,2011,تمر (مكنوز) إخلاص,"Ekhilas Dates, (Maknoz)",1 كجم,1 kg,16.11908,15.621,15.63,15.707,15.785,15.996,16.035,16.213,16.44,16.488,16.341,16.523,16.65
6,2010,تمر (مكنوز) إخلاص,"Ekhilas Dates, (Maknoz)",1 كجم,1 kg,16.05117,15.801,16.114,16.078,16.184,15.915,15.742,15.794,16.364,16.761,16.122,16.059,15.68
6,2009,تمر (مكنوز) إخلاص,"Ekhilas Dates, (Maknoz)",1 كجم,1 kg,16.20508,16.809,16.505,16.518,16.439,15.878,15.55,16.03,15.751,16.015,16.256,16.217,16.493
6,2025,خس محلي,Local Lettuce,1 كجم,1 kg,6.05083,6.44,6.19,6.11,5.99,5.92,5.97,5.96,5.94,6.17,6.16,5.92,5.84
6,2024,خس محلي,Local Lettuce,1 كجم,1 kg,6.32417,6.1,5.98,5.91,5.92,5.98,6.06,6.18,6.37,6.98,6.97,6.8,6.64
6,2023,خس محلي,Local Lettuce,1 كجم,1 kg,6.5775,6.53,6.44,6.27,6.49,6.46,6.67,6.73,6.44,6.81,7.04,6.69,6.36
6,2022,خس محلي,Local Lettuce,1 كجم,1 kg,6.75917,6.6,6.39,6.35,6.85,6.64,6.48,6.48,6.77,7.58,7.35,7.12,6.5
6,2021,خس محلي,Local Lettuce,1 كجم,1 kg,6.8025,6.46,6.37,6.19,6.31,6.66,6.62,6.78,7.1,7.81,7.78,6.9,6.65
6,2020,خس محلي,Local Lettuce,1 كجم,1 kg,7.02917,6.2,6.5,6.59,6.74,6.67,6.73,7.61,7.79,7.93,7.54,7.29,6.76
6,2019,خس محلي,Local Lettuce,1 كجم,1 kg,6.11425,6.508,6.103,5.94,5.91,5.88,5.94,6.08,6.34,6.29,6.2,6.11,6.07
6,2018,خس محلي,Local Lettuce,1 كجم,1 kg,6.23642,5.811,5.724,5.521,5.7,5.974,6.26,6.298,6.398,6.416,6.766,6.955,7.014
6,2017,خس محلي,Local Lettuce,1 كجم,1 kg,5.976,5.592,5.717,5.858,5.702,5.836,5.964,6.173,6.106,6.324,6.244,6.181,6.015
6,2016,خس محلي,Local Lettuce,1 كجم,1 kg,6.09258,6.1,5.971,5.676,5.606,5.732,5.981,5.98,6.437,6.941,6.702,6.154,5.831
6,2015,خس محلي,Local Lettuce,1 كجم,1 kg,6.23225,5.728,5.595,5.546,5.898,5.93,6.203,6.211,6.367,6.864,7.384,6.736,6.325
6,2014,خس محلي,Local Lettuce,1 كجم,1 kg,5.97117,5.969,5.404,5.32,5.51,5.548,5.596,5.957,6.209,6.962,6.663,6.313,6.203
6,2013,خس محلي,Local Lettuce,1 كجم,1 kg,5.86258,5.321,5.334,5.309,5.226,5.485,5.536,5.715,5.896,6.968,7.217,6.271,6.073
6,2012,خس محلي,Local Lettuce,1 كجم,1 kg,5.72167,5.373,5.176,4.895,4.865,4.906,5.2,5.446,6.405,7.383,7.164,6.383,5.464
6,2011,خس محلي,Local Lettuce,1 كجم,1 kg,4.87567,4.6,4.412,4.308,4.22,4.512,4.427,4.626,5.434,5.61,5.744,5.411,5.204
6,2010,خس محلي,Local Lettuce,1 كجم,1 kg,5.03992,4.117,3.903,3.975,4.223,4.442,4.764,4.735,5.587,6.738,6.905,5.896,5.194
6,2009,خس محلي,Local Lettuce,1 كجم,1 kg,4.47908,4.908,4.38,3.902,3.742,4.013,4.092,4.513,4.8,5.108,4.946,5.01,4.335
6,2025,ملوخية محلية,Local Corchorus,1 حزمة,1 Bundle,2.5625,2.55,2.52,2.43,2.45,2.49,2.56,2.48,2.5,2.55,2.58,2.7,2.94
6,2024,ملوخية محلية,Local Corchorus,1 حزمة,1 Bundle,2.4625,2.36,2.46,2.48,2.54,2.53,2.48,2.41,2.39,2.46,2.41,2.49,2.54
6,2023,ملوخية محلية,Local Corchorus,1 حزمة,1 Bundle,2.4375,2.52,2.56,2.54,2.55,2.49,2.41,2.4,2.43,2.35,2.31,2.33,2.36
6,2022,ملوخية محلية,Local Corchorus,1 حزمة,1 Bundle,2.51417,2.56,2.59,2.66,2.61,2.6,2.49,2.43,2.38,2.45,2.45,2.46,2.49
6,2021,ملوخية محلية,Local Corchorus,1 حزمة,1 Bundle,2.4475,2.53,2.52,2.56,2.56,2.53,2.49,2.4,2.31,2.35,2.29,2.34,2.49
6,2020,ملوخية محلية,Local Corchorus,1 حزمة,1 Bundle,2.4325,2.38,2.37,2.41,2.42,2.47,2.43,2.42,2.5,2.44,2.41,2.42,2.52
6,2019,ملوخية محلية,Local Corchorus,1 حزمة,1 Bundle,2.33158,2.295,2.274,2.3,2.31,2.39,2.39,2.31,2.33,2.32,2.34,2.33,2.39
6,2018,ملوخية محلية,Local Corchorus,1 حزمة,1 Bundle,2.215,2.197,2.221,2.252,2.26,2.233,2.2,2.196,2.17,2.164,2.212,2.226,2.249
6,2017,ملوخية محلية,Local Corchorus,1 حزمة,1 Bundle,2.14708,2.184,2.189,2.204,2.233,2.22,2.129,2.101,2.105,2.102,2.084,2.106,2.108
6,2016,ملوخية محلية,Local Corchorus,1 حزمة,1 Bundle,2.22625,2.175,2.191,2.218,2.292,2.258,2.275,2.222,2.219,2.198,2.206,2.238,2.223
6,2015,ملوخية محلية,Local Corchorus,1 حزمة,1 Bundle,2.2525,2.216,2.215,2.231,2.287,2.302,2.305,2.266,2.221,2.276,2.288,2.208,2.215
6,2014,ملوخية محلية,Local Corchorus,1 حزمة,1 Bundle,2.22075,2.286,2.242,2.248,2.246,2.226,2.184,2.209,2.234,2.187,2.16,2.158,2.269
6,2013,ملوخية محلية,Local Corchorus,1 حزمة,1 Bundle,2.20008,2.207,2.25,2.235,2.257,2.215,2.154,2.148,2.144,2.203,2.144,2.259,2.185
6,2012,ملوخية محلية,Local Corchorus,1 حزمة,1 Bundle,2.24292,2.261,2.291,2.346,2.312,2.243,2.204,2.201,2.266,2.189,2.223,2.182,2.197
6,2011,ملوخية محلية,Local Corchorus,1 حزمة,1 Bundle,2.1475,2.156,2.184,2.262,2.189,2.166,2.095,2.111,2.072,2.086,2.135,2.105,2.209
6,2010,ملوخية محلية,Local Corchorus,1 حزمة,1 Bundle,2.09867,2.101,2.106,2.167,2.132,2.152,2.078,2.078,2.091,2.034,2.033,2.116,2.096
6,2009,ملوخية محلية,Local Corchorus,1 حزمة,1 Bundle,2.14208,2.505,2.179,2.179,2.143,2.156,1.99,1.987,2.081,2.16,2.108,2.115,2.102
6,2025,جرجير محلي,local watercress,1 حزمة,1 Bundle,1.065,1.06,1.06,1.07,1.07,1.07,1.07,1.07,1.06,1.07,1.07,1.06,1.05
6,2024,جرجير محلي,local watercress,1 حزمة,1 Bundle,1.05417,1.09,1.09,1.06,1.06,1.04,1.04,1.05,1.05,1.04,1.05,1.04,1.04
6,2023,جرجير محلي,local watercress,1 حزمة,1 Bundle,1.0525,1.04,1.04,1.04,1.04,1.04,1.05,1.05,1.05,1.04,1.06,1.08,1.1
6,2022,جرجير محلي,local watercress,1 حزمة,1 Bundle,1.02917,1.02,1.01,1.03,1.03,1.03,1.03,1.03,1.03,1.03,1.03,1.04,1.04
6,2021,جرجير محلي,local watercress,1 حزمة,1 Bundle,1.00667,1.01,1.01,1.01,1.01,1.02,1.01,1.0,1.0,1.0,1.0,1.0,1.01
6,2020,جرجير محلي,local watercress,1 حزمة,1 Bundle,0.98333,0.95,0.95,0.95,0.95,0.95,0.95,1.01,1.02,1.02,1.02,1.02,1.01
6,2019,جرجير محلي,local watercress,1 حزمة,1 Bundle,0.95258,1.006,0.955,0.97,0.95,0.94,0.95,0.94,0.94,0.94,0.94,0.95,0.95
6,2018,جرجير محلي,local watercress,1 حزمة,1 Bundle,0.98417,0.995,0.979,0.978,0.983,0.998,0.987,0.986,0.975,0.963,0.978,0.984,1.004
6,2017,جرجير محلي,local watercress,1 حزمة,1 Bundle,0.99108,0.99,0.988,1.009,0.989,0.986,1.002,0.988,0.988,0.991,0.988,0.988,0.986
6,2016,جرجير محلي,local watercress,1 حزمة,1 Bundle,0.99825,0.992,1.001,0.993,0.991,0.998,1.017,0.998,1.0,1.001,1.008,0.99,0.99
6,2015,جرجير محلي,local watercress,1 حزمة,1 Bundle,1.01908,1.013,1.003,1.007,1.013,1.015,1.038,1.011,1.021,1.049,1.043,1.008,1.008
6,2014,جرجير محلي,local watercress,1 حزمة,1 Bundle,0.99092,0.992,0.974,0.974,0.974,0.973,0.988,0.988,0.986,1.007,1.0,1.015,1.02
6,2013,جرجير محلي,local watercress,1 حزمة,1 Bundle,0.97667,0.965,0.978,0.96,0.969,0.964,0.968,1.038,0.977,0.964,0.957,0.981,0.999
6,2012,جرجير محلي,local watercress,1 حزمة,1 Bundle,0.96842,0.942,0.963,0.951,0.98,0.968,0.964,0.984,1.01,0.958,0.972,0.973,0.956
6,2011,جرجير محلي,local watercress,1 حزمة,1 Bundle,0.94858,0.947,0.955,0.932,0.932,0.942,0.955,0.942,0.997,0.955,0.945,0.945,0.936
6,2010,جرجير محلي,local watercress,1 حزمة,1 Bundle,0.96142,0.947,0.945,0.932,0.934,0.917,0.948,0.961,1.055,1.004,0.969,0.958,0.967
6,2009,جرجير محلي,local watercress,1 حزمة,1 Bundle,0.959,0.957,0.944,0.921,0.982,0.918,0.918,1.013,0.976,0.99,0.987,0.977,0.925
6,2025,ملفوف أبيض,white Cabbage,1 كجم,1 kg,3.95833,4.35,4.89,4.64,4.4,3.85,3.7,3.49,3.39,3.51,3.73,3.88,3.67
6,2024,ملفوف أبيض,white Cabbage,1 كجم,1 kg,3.31083,3.06,2.99,2.92,3.0,3.05,3.18,3.25,3.33,3.51,3.47,3.85,4.12
6,2023,ملفوف أبيض,white Cabbage,1 كجم,1 kg,3.22833,3.08,3.0,2.96,3.03,2.9,3.04,3.13,3.43,3.72,3.79,3.45,3.21
6,2022,ملفوف أبيض,white Cabbage,1 كجم,1 kg,3.2675,3.44,3.39,3.46,3.52,3.49,3.3,3.08,3.0,3.2,3.28,3.12,2.93
6,2021,ملفوف أبيض,white Cabbage,1 كجم,1 kg,3.16417,3.09,2.87,2.83,2.93,2.85,2.83,2.87,3.36,3.45,3.67,3.64,3.58
6,2020,ملفوف أبيض,white Cabbage,1 كجم,1 kg,3.17667,2.97,2.8,2.74,2.9,2.95,2.93,3.19,3.37,3.72,3.78,3.52,3.25
6,2019,ملفوف أبيض,white Cabbage,1 كجم,1 kg,3.13617,3.075,3.199,3.16,3.21,3.12,3.1,3.11,3.08,3.11,3.25,3.15,3.07
6,2018,ملفوف أبيض,white Cabbage,1 كجم,1 kg,3.0975,3.091,2.991,2.908,2.929,2.972,3.021,3.137,3.188,3.169,3.257,3.315,3.192
6,2017,ملفوف أبيض,white Cabbage,1 كجم,1 kg,3.1275,3.102,3.058,3.023,2.89,2.96,2.951,3.013,3.256,3.622,3.335,3.22,3.1
6,2016,ملفوف أبيض,white Cabbage,1 كجم,1 kg,3.5025,3.726,3.612,3.684,3.608,3.482,3.487,3.335,3.488,3.491,3.444,3.384,3.289
6,2015,ملفوف أبيض,white Cabbage,1 كجم,1 kg,3.34758,3.089,2.958,2.936,2.934,3.047,3.26,3.286,3.418,3.788,3.853,3.814,3.788
6,2014,ملفوف أبيض,white Cabbage,1 كجم,1 kg,3.39442,3.3,3.265,3.246,3.24,3.258,3.376,3.404,3.307,3.704,3.775,3.517,3.341
6,2013,ملفوف أبيض,white Cabbage,1 كجم,1 kg,3.10933,3.289,2.965,2.87,2.917,2.915,2.919,3.105,3.05,3.063,3.475,3.431,3.313
6,2012,ملفوف أبيض,white Cabbage,1 كجم,1 kg,3.42917,2.869,2.806,2.847,2.797,2.749,2.861,3.193,3.777,4.464,4.934,4.232,3.621
6,2011,ملفوف أبيض,white Cabbage,1 كجم,1 kg,2.94133,3.039,3.036,3.049,2.936,3.019,2.838,2.817,3.012,2.813,2.888,2.922,2.927
6,2010,ملفوف أبيض,white Cabbage,1 كجم,1 kg,2.85167,2.814,2.649,2.538,2.515,2.56,2.668,2.828,3.102,3.298,3.171,3.074,3.003
6,2009,ملفوف أبيض,white Cabbage,1 كجم,1 kg,2.97367,3.12,3.043,2.662,2.561,2.538,2.549,2.601,3.041,3.654,3.533,3.388,2.994
6,2025,سبانخ,Spinach,1 حزمة,1 Bundle,1.3025,1.26,1.27,1.29,1.3,1.3,1.31,1.33,1.32,1.33,1.33,1.3,1.29
6,2024,سبانخ,Spinach,1 حزمة,1 Bundle,1.21667,1.26,1.23,1.23,1.21,1.19,1.21,1.22,1.21,1.22,1.21,1.2,1.21
6,2023,سبانخ,Spinach,1 حزمة,1 Bundle,1.25917,1.2,1.2,1.19,1.2,1.22,1.28,1.31,1.31,1.29,1.29,1.33,1.29
6,2022,سبانخ,Spinach,1 حزمة,1 Bundle,1.22917,1.17,1.18,1.19,1.2,1.21,1.25,1.26,1.26,1.28,1.28,1.26,1.21
6,2021,سبانخ,Spinach,1 حزمة,1 Bundle,1.23333,1.26,1.27,1.26,1.28,1.29,1.29,1.18,1.15,1.2,1.21,1.2,1.21
6,2020,سبانخ,Spinach,1 حزمة,1 Bundle,1.20917,1.13,1.11,1.13,1.16,1.15,1.15,1.25,1.32,1.31,1.26,1.28,1.26
6,2019,سبانخ,Spinach,1 حزمة,1 Bundle,1.09408,1.154,1.115,1.1,1.08,1.09,1.08,1.06,1.04,1.06,1.09,1.13,1.13
6,2018,سبانخ,Spinach,1 حزمة,1 Bundle,1.13175,1.129,1.115,1.107,1.105,1.146,1.109,1.135,1.166,1.142,1.115,1.151,1.161
6,2017,سبانخ,Spinach,1 حزمة,1 Bundle,1.10517,1.141,1.125,1.121,1.128,1.128,1.101,1.034,1.077,1.086,1.081,1.123,1.117
6,2016,سبانخ,Spinach,1 حزمة,1 Bundle,1.12408,1.106,1.118,1.138,1.103,1.087,1.142,1.124,1.107,1.118,1.097,1.208,1.141
6,2015,سبانخ,Spinach,1 حزمة,1 Bundle,1.14633,1.179,1.179,1.19,1.19,1.206,1.179,1.079,1.028,1.104,1.07,1.169,1.183
6,2014,سبانخ,Spinach,1 حزمة,1 Bundle,1.07267,1.119,1.095,1.057,1.051,1.065,1.072,1.045,1.004,1.025,1.03,1.107,1.202
6,2013,سبانخ,Spinach,1 حزمة,1 Bundle,1.05633,1.166,1.107,1.096,1.096,1.034,1.011,1.057,1.01,1.005,0.974,1.061,1.059
6,2012,سبانخ,Spinach,1 حزمة,1 Bundle,1.092,1.08,1.08,1.083,1.072,1.093,1.103,1.115,1.07,1.069,1.078,1.137,1.124
6,2011,سبانخ,Spinach,1 حزمة,1 Bundle,1.041,1.052,1.059,1.027,1.018,1.044,0.946,0.951,1.023,1.017,1.073,1.16,1.122
6,2010,سبانخ,Spinach,1 حزمة,1 Bundle,1.01483,1.009,1.01,0.969,0.982,0.948,1.003,0.969,1.107,1.061,0.981,1.08,1.059
6,2009,سبانخ,Spinach,1 حزمة,1 Bundle,1.02658,1.043,1.09,0.987,0.983,0.951,0.941,1.021,1.03,1.194,1.018,1.086,0.975
6,2025,فلفل أخضر بارد محلي,green local Peppers,1 كجم,1 kg,8.02917,8.49,7.97,9.1,8.29,7.44,7.67,7.19,7.34,8.25,8.48,8.29,7.84
6,2024,فلفل أخضر بارد محلي,green local Peppers,1 كجم,1 kg,7.58917,7.69,6.72,6.91,7.01,7.02,7.28,7.5,7.61,7.78,7.77,9.0,8.78
6,2023,فلفل أخضر بارد محلي,green local Peppers,1 كجم,1 kg,8.56083,8.09,8.16,8.62,10.18,8.62,8.53,8.57,8.01,8.64,8.48,8.3,8.53
6,2022,فلفل أخضر بارد محلي,green local Peppers,1 كجم,1 kg,9.13083,9.67,9.89,9.88,10.31,9.11,8.83,8.78,8.42,9.37,8.85,8.37,8.09
6,2021,فلفل أخضر بارد محلي,green local Peppers,1 كجم,1 kg,8.14083,7.52,7.47,7.24,7.8,7.95,7.58,7.72,8.11,8.28,8.9,9.54,9.58
6,2020,فلفل أخضر بارد محلي,green local Peppers,1 كجم,1 kg,8.20917,7.24,7.19,7.48,8.38,8.32,7.88,7.99,8.57,8.96,8.92,9.36,8.22
6,2019,فلفل أخضر بارد محلي,green local Peppers,1 كجم,1 kg,7.72233,8.479,7.999,8.05,7.85,8.06,7.6,7.19,7.4,7.27,7.55,7.73,7.49
6,2018,فلفل أخضر بارد محلي,green local Peppers,1 كجم,1 kg,7.69967,7.656,7.472,7.388,7.648,7.123,7.442,7.14,7.365,7.507,8.387,8.549,8.719
6,2017,فلفل أخضر بارد محلي,green local Peppers,1 كجم,1 kg,7.7935,7.487,7.437,7.672,8.403,8.013,7.779,7.374,7.793,7.945,7.933,8.158,7.528
6,2016,فلفل أخضر بارد محلي,green local Peppers,1 كجم,1 kg,8.23908,9.379,8.394,8.282,8.325,7.844,8.372,8.012,7.928,8.212,7.959,8.3,7.862
6,2015,فلفل أخضر بارد محلي,green local Peppers,1 كجم,1 kg,8.961,8.166,7.84,8.22,8.35,8.495,8.915,9.195,8.897,9.795,9.983,9.937,9.739
6,2014,فلفل أخضر بارد محلي,green local Peppers,1 كجم,1 kg,8.74733,9.621,8.903,8.863,8.714,8.026,7.783,8.318,8.259,8.729,9.129,9.476,9.147
6,2013,فلفل أخضر بارد محلي,green local Peppers,1 كجم,1 kg,7.92192,7.023,6.604,6.729,7.184,6.992,6.798,8.186,8.141,8.201,9.702,10.029,9.474
6,2012,فلفل أخضر بارد محلي,green local Peppers,1 كجم,1 kg,7.23958,6.742,6.184,6.298,6.81,7.009,7.077,7.709,8.587,7.598,7.427,7.968,7.466
6,2011,فلفل أخضر بارد محلي,green local Peppers,1 كجم,1 kg,6.33508,6.545,6.046,5.904,6.137,5.885,6.036,6.096,6.664,6.318,6.339,6.633,7.418
6,2010,فلفل أخضر بارد محلي,green local Peppers,1 كجم,1 kg,6.53192,6.366,5.887,6.145,6.375,5.993,5.896,6.051,6.767,6.928,6.999,7.32,7.656
6,2009,فلفل أخضر بارد محلي,green local Peppers,1 كجم,1 kg,6.19083,7.132,6.2,5.943,5.881,5.856,5.757,5.656,6.103,6.539,6.45,6.237,6.536
6,2025,فلفل أخضر حار محلي,Green local Chili,1 كجم,1 kg,8.70333,9.41,9.42,9.3,9.1,9.05,8.53,8.14,8.1,8.1,8.26,8.49,8.54
6,2024,فلفل أخضر حار محلي,Green local Chili,1 كجم,1 kg,8.67333,8.86,8.46,8.24,8.14,8.23,8.26,8.52,8.35,8.74,9.1,9.59,9.59
6,2023,فلفل أخضر حار محلي,Green local Chili,1 كجم,1 kg,9.45833,9.17,9.3,9.5,10.02,9.44,9.86,9.58,9.28,9.18,9.26,9.49,9.42
6,2022,فلفل أخضر حار محلي,Green local Chili,1 كجم,1 kg,9.9875,10.18,10.5,10.38,10.75,10.23,10.0,9.8,9.42,10.0,9.76,9.42,9.41
6,2021,فلفل أخضر حار محلي,Green local Chili,1 كجم,1 kg,9.32333,9.17,9.01,9.03,9.28,9.46,9.6,9.27,9.02,9.26,9.0,9.57,10.21
6,2020,فلفل أخضر حار محلي,Green local Chili,1 كجم,1 kg,9.16667,8.65,8.71,8.83,8.98,8.94,9.09,9.16,9.22,9.6,9.57,9.68,9.57
6,2019,فلفل أخضر حار محلي,Green local Chili,1 كجم,1 kg,8.78083,9.091,9.049,8.96,8.61,8.81,8.84,8.59,8.78,8.5,8.66,8.7,8.78
6,2018,فلفل أخضر حار محلي,Green local Chili,1 كجم,1 kg,8.887,9.096,8.871,8.479,8.468,8.779,8.899,8.811,8.833,8.818,9.103,9.21,9.277
6,2017,فلفل أخضر حار محلي,Green local Chili,1 كجم,1 kg,8.68842,8.662,8.592,8.807,8.73,8.797,8.718,8.665,8.79,8.661,8.567,8.683,8.589
6,2016,فلفل أخضر حار محلي,Green local Chili,1 كجم,1 kg,9.17992,9.908,9.386,9.351,9.262,8.702,9.23,9.121,9.35,9.357,8.761,8.864,8.867
6,2015,فلفل أخضر حار محلي,Green local Chili,1 كجم,1 kg,9.70383,9.501,9.515,9.09,8.85,9.271,10.054,9.838,9.574,10.359,10.249,10.182,9.963
6,2014,فلفل أخضر حار محلي,Green local Chili,1 كجم,1 kg,9.19133,9.496,9.139,9.392,9.128,9.086,8.987,9.042,8.543,9.108,9.161,9.554,9.66
6,2013,فلفل أخضر حار محلي,Green local Chili,1 كجم,1 kg,8.48483,7.992,8.207,7.921,8.088,8.09,8.294,8.852,8.579,8.334,8.658,9.55,9.253
6,2012,فلفل أخضر حار محلي,Green local Chili,1 كجم,1 kg,8.11308,7.317,7.171,7.026,7.236,7.637,9.024,9.094,8.755,8.851,8.406,8.578,8.262
6,2011,فلفل أخضر حار محلي,Green local Chili,1 كجم,1 kg,7.48758,8.393,7.798,7.394,7.177,7.239,7.361,7.278,7.425,7.433,7.213,7.543,7.597
6,2010,فلفل أخضر حار محلي,Green local Chili,1 كجم,1 kg,7.47792,7.04,6.718,6.872,7.048,7.068,7.322,7.446,7.945,7.939,7.769,8.071,8.497
6,2009,فلفل أخضر حار محلي,Green local Chili,1 كجم,1 kg,7.25717,8.366,7.603,7.141,6.59,7.014,7.294,6.872,7.18,7.382,7.372,7.099,7.173
6,2025,خيار محلي,Local Cucumbers,1 كجم,1 kg,5.85083,6.88,6.35,6.79,5.72,5.78,5.43,5.21,5.49,6.03,5.37,5.32,5.84
6,2024,خيار محلي,Local Cucumbers,1 كجم,1 kg,5.78833,6.04,6.15,5.83,5.46,5.39,5.78,5.96,6.03,6.05,5.88,5.37,5.52
6,2023,خيار محلي,Local Cucumbers,1 كجم,1 kg,5.42167,5.71,5.29,5.36,5.36,5.06,5.17,5.3,5.28,5.43,5.39,5.55,6.16
6,2022,خيار محلي,Local Cucumbers,1 كجم,1 kg,5.63833,6.47,5.95,5.38,5.88,5.3,5.21,5.22,5.4,6.64,6.02,5.18,5.01
6,2021,خيار محلي,Local Cucumbers,1 كجم,1 kg,5.30417,4.56,4.7,4.61,5.14,4.97,5.51,5.87,5.79,5.86,5.42,5.36,5.86
6,2020,خيار محلي,Local Cucumbers,1 كجم,1 kg,5.08083,4.91,5.61,5.88,5.32,4.51,5.37,5.12,5.38,4.84,4.75,4.49,4.79
6,2019,خيار محلي,Local Cucumbers,1 كجم,1 kg,4.65808,4.404,4.463,4.51,4.6,4.59,4.64,4.66,4.6,4.67,4.95,4.93,4.88
6,2018,خيار محلي,Local Cucumbers,1 كجم,1 kg,5.00642,5.731,5.771,4.949,4.413,4.632,4.974,5.237,5.095,4.737,5.146,4.96,4.432
6,2017,خيار محلي,Local Cucumbers,1 كجم,1 kg,4.7165,4.492,5.038,5.172,4.315,4.175,4.378,4.924,5.3,4.817,4.426,4.551,5.01
6,2016,خيار محلي,Local Cucumbers,1 كجم,1 kg,5.0765,5.381,5.625,5.185,4.994,4.436,5.202,5.293,5.303,5.19,4.651,4.629,5.029
6,2015,خيار محلي,Local Cucumbers,1 كجم,1 kg,5.28767,4.585,4.644,4.608,4.563,4.531,5.003,5.191,6.837,6.539,5.469,5.503,5.979
6,2014,خيار محلي,Local Cucumbers,1 كجم,1 kg,5.45192,7.177,5.823,5.13,4.734,4.707,5.041,5.578,5.732,6.214,5.133,4.994,5.16
6,2013,خيار محلي,Local Cucumbers,1 كجم,1 kg,5.06792,4.364,5.257,5.2,4.74,4.428,4.646,5.106,5.171,6.346,5.456,4.739,5.362
6,2012,خيار محلي,Local Cucumbers,1 كجم,1 kg,4.62558,4.229,4.622,4.307,3.99,4.043,4.663,5.088,4.932,5.849,5.347,4.196,4.241
6,2011,خيار محلي,Local Cucumbers,1 كجم,1 kg,4.28983,4.805,4.349,4.146,4.046,3.783,3.936,4.145,4.639,4.315,4.318,4.279,4.717
6,2010,خيار محلي,Local Cucumbers,1 كجم,1 kg,4.22942,3.619,3.629,4.132,3.677,3.465,3.885,4.107,5.024,4.998,4.796,4.421,5.0
6,2009,خيار محلي,Local Cucumbers,1 كجم,1 kg,4.17383,5.972,4.52,3.756,3.357,3.366,5.027,3.573,4.047,4.417,4.273,4.037,3.741
6,2025,باذنجان أسود محلي,Local Black Eggplants,1 كجم,1 kg,5.16667,5.48,5.38,5.44,5.07,5.4,4.99,4.72,5.01,5.55,5.18,4.99,4.79
6,2024,باذنجان أسود محلي,Local Black Eggplants,1 كجم,1 kg,4.93583,4.86,4.61,4.58,4.84,5.14,4.71,4.94,5.05,5.29,5.21,4.93,5.07
6,2023,باذنجان أسود محلي,Local Black Eggplants,1 كجم,1 kg,5.16417,5.28,5.26,5.04,5.15,5.11,5.34,5.16,5.01,5.39,5.35,4.99,4.89
6,2022,باذنجان أسود محلي,Local Black Eggplants,1 كجم,1 kg,5.54667,5.33,5.86,5.48,5.62,5.57,5.44,5.22,5.38,6.49,5.79,5.26,5.12
6,2021,باذنجان أسود محلي,Local Black Eggplants,1 كجم,1 kg,4.91417,4.54,4.73,4.56,4.76,4.99,4.77,4.73,4.96,5.31,5.37,5.09,5.16
6,2020,باذنجان أسود محلي,Local Black Eggplants,1 كجم,1 kg,4.74083,4.53,4.56,4.43,4.83,4.72,4.59,4.83,5.07,5.16,4.85,4.79,4.53
6,2019,باذنجان أسود محلي,Local Black Eggplants,1 كجم,1 kg,4.44008,4.33,4.261,4.31,4.26,4.59,4.34,4.4,4.53,4.58,4.62,4.57,4.49
6,2018,باذنجان أسود محلي,Local Black Eggplants,1 كجم,1 kg,4.636,4.55,4.663,4.546,4.278,4.463,4.565,4.518,4.76,4.802,5.136,4.763,4.588
6,2017,باذنجان أسود محلي,Local Black Eggplants,1 كجم,1 kg,4.23075,3.999,4.096,4.434,4.272,4.233,4.285,4.176,4.23,4.308,4.342,4.235,4.159
6,2016,باذنجان أسود محلي,Local Black Eggplants,1 كجم,1 kg,4.41542,4.842,4.415,4.287,4.46,4.226,4.354,4.341,4.563,4.646,4.415,4.27,4.166
6,2015,باذنجان أسود محلي,Local Black Eggplants,1 كجم,1 kg,4.44017,4.172,4.119,4.13,4.242,4.442,4.495,4.409,4.529,4.945,4.662,4.468,4.669
6,2014,باذنجان أسود محلي,Local Black Eggplants,1 كجم,1 kg,4.26558,4.435,4.224,4.161,3.93,4.132,4.212,4.271,4.228,4.65,4.523,4.251,4.17
6,2013,باذنجان أسود محلي,Local Black Eggplants,1 كجم,1 kg,4.05508,3.684,3.751,3.694,3.861,3.947,3.99,4.274,4.309,4.365,4.438,4.198,4.15
6,2012,باذنجان أسود محلي,Local Black Eggplants,1 كجم,1 kg,3.90075,3.654,3.616,3.762,3.664,3.618,3.905,4.015,4.212,4.177,4.409,3.961,3.816
6,2011,باذنجان أسود محلي,Local Black Eggplants,1 كجم,1 kg,3.7065,3.789,3.691,3.617,3.503,3.53,3.539,3.556,4.046,3.761,3.908,3.732,3.806
6,2010,باذنجان أسود محلي,Local Black Eggplants,1 كجم,1 kg,3.67992,3.393,3.418,3.34,3.408,3.473,3.689,3.654,4.18,4.138,4.044,3.807,3.615
6,2009,باذنجان أسود محلي,Local Black Eggplants,1 كجم,1 kg,3.61075,4.401,4.089,3.789,3.37,3.276,3.191,3.114,3.506,3.813,3.79,3.584,3.406
6,2025,طماطم محلي,Local tomatoes,1 كجم,1 kg,5.8925,6.1,5.1,5.44,5.85,5.34,5.19,5.24,5.62,7.14,7.65,6.74,5.3
6,2024,طماطم محلي,Local tomatoes,1 كجم,1 kg,5.775,5.32,4.74,4.56,4.53,5.11,5.38,5.63,6.73,6.75,6.56,6.88,7.11
6,2023,طماطم محلي,Local tomatoes,1 كجم,1 kg,5.8925,5.35,4.87,4.86,5.44,5.0,5.02,5.6,7.0,7.0,7.42,7.04,6.11
6,2022,طماطم محلي,Local tomatoes,1 كجم,1 kg,6.1575,5.44,5.67,5.93,8.07,6.47,6.85,5.56,5.72,6.08,6.32,6.06,5.72
6,2021,طماطم محلي,Local tomatoes,1 كجم,1 kg,5.39917,4.7,4.11,4.1,4.52,4.52,4.83,5.41,5.71,6.85,6.92,6.98,6.14
6,2020,طماطم محلي,Local tomatoes,1 كجم,1 kg,5.93083,4.89,4.73,4.49,5.73,5.77,5.54,5.31,6.23,7.22,7.93,7.85,5.48
6,2019,طماطم محلي,Local tomatoes,1 كجم,1 kg,5.35558,4.991,4.546,4.7,4.74,5.09,5.19,5.12,6.26,6.18,6.17,5.96,5.32
6,2018,طماطم محلي,Local tomatoes,1 كجم,1 kg,5.07092,4.828,4.403,4.657,4.596,4.48,4.957,5.732,5.332,5.295,5.794,5.781,4.996
6,2017,طماطم محلي,Local tomatoes,1 كجم,1 kg,5.10233,4.082,4.041,4.47,5.709,5.735,4.86,4.859,4.686,6.185,5.538,5.936,5.127
6,2016,طماطم محلي,Local tomatoes,1 كجم,1 kg,5.23183,5.248,5.141,4.671,5.03,4.463,4.844,5.171,5.632,5.915,6.08,5.856,4.731
6,2015,طماطم محلي,Local tomatoes,1 كجم,1 kg,5.788,5.45,4.653,4.505,4.64,5.192,5.971,5.944,5.961,6.73,8.63,6.142,5.638
6,2014,طماطم محلي,Local tomatoes,1 كجم,1 kg,5.70883,5.426,4.322,4.13,4.803,4.479,4.949,4.77,5.258,7.032,8.088,8.585,6.664
6,2013,طماطم محلي,Local tomatoes,1 كجم,1 kg,5.85417,4.079,3.912,3.901,4.949,4.544,5.059,7.202,6.819,7.204,8.622,7.912,6.047
6,2012,طماطم محلي,Local tomatoes,1 كجم,1 kg,5.1,4.259,4.269,4.455,4.515,4.751,4.62,4.774,6.284,6.43,6.439,5.733,4.671
6,2011,طماطم محلي,Local tomatoes,1 كجم,1 kg,4.2705,4.164,3.622,3.549,3.406,3.542,3.757,4.325,4.85,4.866,5.038,4.852,5.275
6,2010,طماطم محلي,Local tomatoes,1 كجم,1 kg,4.73792,3.764,3.334,3.455,3.803,3.56,3.755,3.793,4.38,5.882,8.535,6.885,5.709
6,2009,طماطم محلي,Local tomatoes,1 كجم,1 kg,3.94933,4.443,3.603,3.968,3.615,3.211,3.34,3.476,4.363,4.684,4.487,4.288,3.914
6,2025,طماطم مستورد,Imported tomatoes,1 كجم,1 kg,6.5275,6.88,6.25,6.43,6.51,6.24,6.09,5.88,6.35,7.06,7.43,6.85,6.36
6,2024,طماطم مستورد,Imported tomatoes,1 كجم,1 kg,6.64833,6.39,6.14,6.05,5.97,6.16,6.25,6.51,7.15,7.21,7.01,7.35,7.59
6,2023,طماطم مستورد,Imported tomatoes,1 كجم,1 kg,6.15667,5.72,5.52,5.4,5.62,5.47,5.6,6.01,6.79,6.81,6.91,7.08,6.95
6,2022,طماطم مستورد,Imported tomatoes,1 كجم,1 kg,6.27417,5.48,5.92,6.0,7.69,6.62,6.42,6.01,6.02,6.25,6.44,6.43,6.01
6,2021,طماطم مستورد,Imported tomatoes,1 كجم,1 kg,5.43,5.1,4.63,4.32,4.63,4.91,5.29,5.21,5.8,6.5,6.24,6.57,5.96
6,2020,طماطم مستورد,Imported tomatoes,1 كجم,1 kg,6.08417,5.24,5.15,4.95,5.87,5.61,5.93,5.88,6.49,6.94,7.58,7.75,5.62
6,2019,طماطم مستورد,Imported tomatoes,1 كجم,1 kg,5.32542,5.152,4.803,4.98,4.93,5.35,5.26,5.12,5.9,5.78,5.75,5.51,5.37
6,2018,طماطم مستورد,Imported tomatoes,1 كجم,1 kg,5.20625,4.953,4.578,4.772,4.839,4.855,5.021,5.642,5.434,5.552,5.715,5.782,5.332
6,2017,طماطم مستورد,Imported tomatoes,1 كجم,1 kg,5.35817,4.522,4.419,4.891,5.752,5.687,5.248,5.318,5.066,6.271,5.612,6.119,5.393
6,2016,طماطم مستورد,Imported tomatoes,1 كجم,1 kg,5.51325,5.57,5.259,4.803,5.2,4.505,5.218,5.592,5.981,6.399,6.412,6.039,5.181
6,2015,طماطم مستورد,Imported tomatoes,1 كجم,1 kg,5.86108,5.512,4.989,4.771,4.904,5.129,6.164,5.937,5.99,6.517,8.275,6.268,5.877
6,2014,طماطم مستورد,Imported tomatoes,1 كجم,1 kg,5.76717,5.561,4.373,4.279,4.997,4.744,5.295,5.31,5.246,6.787,7.688,8.301,6.625
6,2013,طماطم مستورد,Imported tomatoes,1 كجم,1 kg,6.02392,4.563,4.305,4.582,5.297,4.727,5.123,7.537,6.781,6.992,8.324,7.799,6.257
6,2012,طماطم مستورد,Imported tomatoes,1 كجم,1 kg,5.22167,4.312,4.531,4.698,4.845,4.905,4.9,4.924,6.499,6.251,6.156,5.666,4.973
6,2011,طماطم مستورد,Imported tomatoes,1 كجم,1 kg,4.36408,4.503,3.933,3.81,3.748,3.768,3.758,4.276,4.866,4.947,4.85,4.771,5.139
6,2010,طماطم مستورد,Imported tomatoes,1 كجم,1 kg,4.80133,3.972,3.683,3.727,3.999,3.737,3.865,3.859,4.392,6.028,8.22,6.468,5.666
6,2009,طماطم مستورد,Imported tomatoes,1 كجم,1 kg,3.99258,4.594,4.001,4.101,4.001,3.658,3.402,3.453,4.19,4.521,4.061,3.961,3.968
6,2025,قرع عسلي,Pumpkin,1 كجم,1 kg,5.9825,5.81,6.32,6.79,6.75,6.35,5.91,5.59,5.6,5.47,5.67,5.79,5.74
6,2024,قرع عسلي,Pumpkin,1 كجم,1 kg,5.78417,5.24,5.49,6.01,6.3,6.35,6.28,5.89,5.76,5.63,5.54,5.44,5.48
6,2023,قرع عسلي,Pumpkin,1 كجم,1 kg,5.8475,5.39,5.57,5.65,6.34,6.39,6.14,5.92,5.9,5.95,5.9,5.64,5.38
6,2022,قرع عسلي,Pumpkin,1 كجم,1 kg,6.49583,6.45,7.25,7.87,8.2,7.23,6.6,6.13,5.68,5.83,5.61,5.61,5.49
6,2021,قرع عسلي,Pumpkin,1 كجم,1 kg,6.03083,5.73,5.83,5.92,6.28,6.19,6.12,5.92,6.08,6.09,5.89,6.07,6.25
6,2020,قرع عسلي,Pumpkin,1 كجم,1 kg,6.30083,6.29,6.15,6.32,6.51,6.44,6.36,6.36,6.39,6.39,6.36,6.13,5.91
6,2019,قرع عسلي,Pumpkin,1 كجم,1 kg,6.42458,5.863,6.422,6.76,6.97,6.89,6.58,6.22,6.12,6.2,6.4,6.38,6.29
6,2018,قرع عسلي,Pumpkin,1 كجم,1 kg,6.17633,5.566,5.744,6.085,6.736,6.705,6.731,6.369,6.275,6.028,5.98,6.023,5.874
6,2017,قرع عسلي,Pumpkin,1 كجم,1 kg,5.70358,5.904,5.862,6.015,5.928,6.032,5.694,5.682,5.471,5.501,5.496,5.464,5.394
6,2016,قرع عسلي,Pumpkin,1 كجم,1 kg,5.96258,6.109,6.098,6.393,6.437,5.929,5.849,5.727,5.763,5.899,5.775,5.803,5.769
6,2015,قرع عسلي,Pumpkin,1 كجم,1 kg,5.93508,5.655,5.481,5.586,6.457,6.29,6.207,6.171,5.953,5.864,5.945,5.755,5.857
6,2014,قرع عسلي,Pumpkin,1 كجم,1 kg,5.61683,5.191,5.046,5.189,5.555,5.832,5.91,5.812,5.616,5.886,5.868,5.786,5.711
6,2013,قرع عسلي,Pumpkin,1 كجم,1 kg,5.30825,5.224,5.207,5.421,5.505,5.331,5.447,5.406,5.29,5.272,5.253,5.187,5.156
6,2012,قرع عسلي,Pumpkin,1 كجم,1 kg,5.18617,4.888,4.947,5.441,5.444,5.299,5.148,5.044,5.007,5.237,5.331,5.36,5.088
6,2011,قرع عسلي,Pumpkin,1 كجم,1 kg,4.94183,4.148,4.242,4.476,5.475,5.934,5.617,5.202,5.151,4.956,4.689,4.623,4.789
6,2010,قرع عسلي,Pumpkin,1 كجم,1 kg,4.14717,4.154,3.875,3.999,3.937,3.911,4.179,4.063,4.235,4.411,4.419,4.265,4.318
6,2009,قرع عسلي,Pumpkin,1 كجم,1 kg,4.3715,4.463,4.432,4.976,4.862,4.401,4.349,4.127,4.297,4.138,4.06,4.249,4.104
6,2025,كوسة محلية,Local Zucchini,1 كجم,1 kg,6.76,7.09,6.12,7.08,7.0,6.47,6.18,6.22,7.11,8.26,7.34,6.22,6.03
6,2024,كوسة محلية,Local Zucchini,1 كجم,1 kg,6.44167,6.8,5.87,5.67,5.91,6.12,6.21,6.42,6.63,7.26,7.48,6.41,6.52
6,2023,كوسة محلية,Local Zucchini,1 كجم,1 kg,6.64083,7.13,6.13,6.16,6.86,6.56,6.87,6.54,6.23,6.83,6.89,6.59,6.9
6,2022,كوسة محلية,Local Zucchini,1 كجم,1 kg,6.75667,6.95,6.3,6.08,6.95,6.79,6.14,6.38,6.94,8.39,7.56,6.44,6.16
6,2021,كوسة محلية,Local Zucchini,1 كجم,1 kg,6.4675,5.35,5.32,5.18,6.26,5.85,5.79,6.47,7.21,8.53,7.82,6.87,6.96
6,2020,كوسة محلية,Local Zucchini,1 كجم,1 kg,6.34833,6.08,6.54,6.13,6.25,5.91,5.94,6.07,7.89,7.62,6.63,5.71,5.41
6,2019,كوسة محلية,Local Zucchini,1 كجم,1 kg,5.68183,5.663,5.209,5.32,5.3,5.49,5.43,5.57,6.1,6.29,6.08,5.92,5.81
6,2018,كوسة محلية,Local Zucchini,1 كجم,1 kg,5.823,5.894,5.613,5.037,5.178,5.426,5.521,5.926,6.389,6.179,6.72,6.273,5.72
6,2017,كوسة محلية,Local Zucchini,1 كجم,1 kg,5.79383,4.859,6.538,6.339,5.42,5.275,5.09,5.895,6.269,6.326,6.231,5.517,5.767
6,2016,كوسة محلية,Local Zucchini,1 كجم,1 kg,6.02425,6.335,6.083,5.609,5.776,5.422,5.903,6.24,6.74,6.897,6.227,5.671,5.388
6,2015,كوسة محلية,Local Zucchini,1 كجم,1 kg,6.42392,5.269,5.393,5.437,6.038,5.794,6.659,6.321,7.378,8.254,6.853,6.14,7.551
6,2014,كوسة محلية,Local Zucchini,1 كجم,1 kg,6.55358,9.147,6.293,5.57,5.726,5.476,5.538,6.09,7.567,8.483,6.862,6.148,5.743
6,2013,كوسة محلية,Local Zucchini,1 كجم,1 kg,5.93375,5.627,6.034,5.34,5.051,5.126,5.345,6.752,5.944,6.441,6.369,5.897,7.279
6,2012,كوسة محلية,Local Zucchini,1 كجم,1 kg,5.83592,5.031,5.514,5.041,5.139,5.219,5.438,5.945,7.093,8.206,7.104,5.114,5.187
6,2011,كوسة محلية,Local Zucchini,1 كجم,1 kg,5.43525,4.797,4.473,4.536,4.757,4.531,4.545,5.177,6.628,7.432,6.347,5.635,6.365
6,2010,كوسة محلية,Local Zucchini,1 كجم,1 kg,5.30142,4.309,4.44,4.969,4.378,4.171,4.123,4.771,6.625,7.005,6.872,5.777,6.177
6,2009,كوسة محلية,Local Zucchini,1 كجم,1 kg,4.69942,5.461,4.089,4.107,4.196,3.874,3.671,4.627,5.25,6.54,5.714,4.525,4.339
6,2025,بامية محلية,Local Okra,1 كجم,1 kg,16.015,15.96,16.56,16.81,17.43,17.75,15.37,14.54,13.94,16.05,15.79,15.78,16.2
6,2024,بامية محلية,Local Okra,1 كجم,1 kg,16.365,16.52,16.25,16.81,16.73,17.38,16.24,16.29,15.87,16.59,16.45,15.63,15.62
6,2023,بامية محلية,Local Okra,1 كجم,1 kg,17.4425,17.93,18.54,18.56,19.64,19.38,17.13,16.6,16.11,16.42,16.31,16.37,16.32
6,2022,بامية محلية,Local Okra,1 كجم,1 kg,18.56417,18.87,19.17,19.69,20.98,19.04,17.35,16.36,16.72,19.74,19.62,18.31,16.92
6,2021,بامية محلية,Local Okra,1 كجم,1 kg,18.29,15.99,18.12,18.01,18.99,17.53,17.63,17.76,18.78,20.02,18.92,18.89,18.84
6,2020,بامية محلية,Local Okra,1 كجم,1 kg,17.4,15.96,18.01,18.39,19.24,19.38,16.5,16.31,16.57,17.86,17.5,17.12,15.96
6,2019,بامية محلية,Local Okra,1 كجم,1 kg,15.90833,15.715,16.085,16.55,17.32,17.52,15.99,15.61,15.33,15.03,14.92,15.11,15.72
6,2018,بامية محلية,Local Okra,1 كجم,1 kg,15.392,14.629,15.368,15.363,15.311,15.198,15.2,15.494,15.378,15.103,15.707,15.926,16.027
6,2017,بامية محلية,Local Okra,1 كجم,1 kg,15.3605,15.071,15.594,16.656,16.254,15.631,14.616,14.915,15.693,15.648,15.307,14.366,14.575
6,2016,بامية محلية,Local Okra,1 كجم,1 kg,16.62917,16.887,17.394,17.501,17.718,16.865,16.549,16.366,16.425,16.634,16.195,15.811,15.205
6,2015,بامية محلية,Local Okra,1 كجم,1 kg,17.20242,16.421,16.523,17.321,17.624,16.656,17.137,17.086,17.536,18.546,17.789,17.342,16.448
6,2014,بامية محلية,Local Okra,1 كجم,1 kg,16.691,17.666,18.01,16.761,16.996,16.327,16.446,16.046,15.831,16.608,17.089,16.357,16.155
6,2013,بامية محلية,Local Okra,1 كجم,1 kg,15.25883,14.576,14.947,15.241,15.511,14.827,14.331,15.425,14.653,15.67,15.601,15.785,16.539
6,2012,بامية محلية,Local Okra,1 كجم,1 kg,14.45717,12.562,13.436,14.625,15.386,14.867,14.14,14.137,14.562,15.035,15.244,14.794,14.698
6,2011,بامية محلية,Local Okra,1 كجم,1 kg,13.82067,14.176,14.106,14.413,15.217,14.68,13.666,13.122,13.636,13.298,13.136,13.224,13.174
6,2010,بامية محلية,Local Okra,1 كجم,1 kg,13.93583,13.465,14.274,15.609,14.487,12.309,12.255,12.913,13.781,13.825,15.031,14.347,14.934
6,2009,بامية محلية,Local Okra,1 كجم,1 kg,12.824,13.358,12.879,13.388,13.768,13.184,12.559,12.098,12.883,13.303,12.647,11.545,12.276
6,2025,فاصوليا خضراء,Green Beans,1 كجم,1 kg,12.00083,11.18,11.6,11.98,11.63,11.47,11.13,11.49,11.81,13.91,13.43,12.51,11.87
6,2024,فاصوليا خضراء,Green Beans,1 كجم,1 kg,12.14833,12.01,11.48,10.92,11.16,11.28,11.95,13.41,11.89,12.6,13.48,13.73,11.87
6,2023,فاصوليا خضراء,Green Beans,1 كجم,1 kg,12.53167,11.73,12.61,12.69,13.12,11.86,13.28,13.83,13.28,12.65,11.85,11.82,11.66
6,2022,فاصوليا خضراء,Green Beans,1 كجم,1 kg,13.5375,13.34,13.09,12.78,14.13,13.09,13.34,13.79,14.13,14.68,15.05,13.41,11.62
6,2021,فاصوليا خضراء,Green Beans,1 كجم,1 kg,13.19333,10.97,10.94,11.43,11.74,11.8,11.86,13.53,14.89,14.48,16.34,15.57,14.77
6,2020,فاصوليا خضراء,Green Beans,1 كجم,1 kg,12.96917,10.16,11.63,12.5,12.6,11.97,11.94,14.17,15.49,13.73,15.21,13.94,12.29
6,2019,فاصوليا خضراء,Green Beans,1 كجم,1 kg,10.89267,10.073,10.069,10.02,10.39,10.34,10.33,11.01,12.81,11.98,12.02,11.14,10.53
6,2018,فاصوليا خضراء,Green Beans,1 كجم,1 kg,11.09708,9.772,11.073,10.803,9.766,10.15,11.044,12.223,12.215,11.243,11.985,12.002,10.889
6,2017,فاصوليا خضراء,Green Beans,1 كجم,1 kg,10.59908,9.506,9.864,10.286,10.151,10.09,9.9,11.267,11.997,12.16,11.642,10.649,9.677
6,2016,فاصوليا خضراء,Green Beans,1 كجم,1 kg,12.13267,11.939,13.294,13.32,12.382,11.225,12.59,12.021,11.706,12.13,12.243,11.949,10.793
6,2015,فاصوليا خضراء,Green Beans,1 كجم,1 kg,12.14508,10.525,10.768,11.237,10.889,10.993,12.452,12.634,13.516,13.819,14.014,12.937,11.957
6,2014,فاصوليا خضراء,Green Beans,1 كجم,1 kg,11.28517,10.761,10.987,10.57,10.632,10.133,10.062,10.974,11.82,13.297,12.72,11.993,11.473
6,2013,فاصوليا خضراء,Green Beans,1 كجم,1 kg,10.16425,9.251,9.39,9.542,10.005,9.913,9.929,11.302,10.468,10.556,10.963,10.408,10.244
6,2012,فاصوليا خضراء,Green Beans,1 كجم,1 kg,10.41183,8.934,9.749,10.052,9.767,9.621,10.763,10.648,11.051,11.88,12.38,10.536,9.561
6,2011,فاصوليا خضراء,Green Beans,1 كجم,1 kg,9.32583,10.502,9.42,8.87,8.331,8.182,8.386,8.747,10.493,10.29,9.95,9.669,9.07
6,2010,فاصوليا خضراء,Green Beans,1 كجم,1 kg,9.36183,7.05,8.814,9.283,8.992,8.193,8.659,9.053,9.164,10.065,11.219,11.169,10.681
6,2009,فاصوليا خضراء,Green Beans,1 كجم,1 kg,8.8705,9.065,9.13,8.401,7.589,7.549,8.399,8.732,9.687,11.204,10.5,8.505,7.685
6,2025,جزر محلي,Local Carrots,1 كجم,1 kg,5.77833,6.0,5.84,5.86,5.85,5.69,5.77,5.75,5.35,5.63,5.84,5.74,6.02
6,2024,جزر محلي,Local Carrots,1 كجم,1 kg,5.55917,5.57,5.28,5.31,5.38,5.4,5.58,5.56,5.5,5.65,5.85,5.88,5.75
6,2023,جزر محلي,Local Carrots,1 كجم,1 kg,5.53333,5.51,5.51,5.38,5.56,5.52,5.54,5.53,5.57,5.45,5.57,5.62,5.64
6,2022,جزر محلي,Local Carrots,1 كجم,1 kg,5.375,5.47,5.24,5.09,5.29,5.25,5.36,5.3,5.27,5.55,5.59,5.63,5.46
6,2021,جزر محلي,Local Carrots,1 كجم,1 kg,5.02,4.64,4.63,4.61,4.96,4.9,4.85,4.91,5.13,5.46,5.27,5.31,5.57
6,2020,جزر محلي,Local Carrots,1 كجم,1 kg,4.6825,4.33,4.45,4.45,4.74,4.71,4.76,4.96,4.75,4.7,4.7,4.82,4.82
6,2019,جزر محلي,Local Carrots,1 كجم,1 kg,4.44317,4.596,4.382,4.47,4.48,4.5,4.56,4.4,4.37,4.33,4.39,4.44,4.4
6,2018,جزر محلي,Local Carrots,1 كجم,1 kg,4.647,4.58,4.584,4.638,4.428,4.482,4.645,4.772,4.677,4.739,4.69,4.786,4.743
6,2017,جزر محلي,Local Carrots,1 كجم,1 kg,4.58692,4.518,4.509,4.529,4.533,4.474,4.711,4.675,4.622,4.591,4.639,4.662,4.58
6,2016,جزر محلي,Local Carrots,1 كجم,1 kg,4.61875,4.756,4.361,4.396,4.369,4.523,4.855,4.753,4.717,4.693,4.734,4.721,4.547
6,2015,جزر محلي,Local Carrots,1 كجم,1 kg,4.71542,4.559,4.518,4.458,4.514,4.529,4.732,4.717,4.658,4.795,5.064,5.109,4.932
6,2014,جزر محلي,Local Carrots,1 كجم,1 kg,4.72217,4.688,4.647,4.557,4.684,4.607,4.614,4.758,4.735,4.878,4.932,4.863,4.703
6,2013,جزر محلي,Local Carrots,1 كجم,1 kg,4.55908,4.316,4.306,4.364,4.388,4.392,4.464,4.721,4.581,4.688,4.78,4.982,4.727
6,2012,جزر محلي,Local Carrots,1 كجم,1 kg,4.37892,3.975,3.909,4.015,4.052,4.152,4.324,4.634,4.896,4.803,4.721,4.663,4.403
6,2011,جزر محلي,Local Carrots,1 كجم,1 kg,3.95642,3.905,3.773,3.733,3.512,3.691,3.806,3.945,4.354,4.152,4.184,4.177,4.245
6,2010,جزر محلي,Local Carrots,1 كجم,1 kg,3.77675,3.491,3.197,3.185,3.171,3.204,3.665,3.795,4.357,4.471,4.441,4.284,4.06
6,2009,جزر محلي,Local Carrots,1 كجم,1 kg,3.48775,3.698,3.579,3.373,3.221,3.153,3.155,3.289,3.418,3.744,3.723,3.77,3.73
6,2025,ثوم صيني,Chinese Garlic,1 كجم,1 kg,11.525,12.26,12.15,12.01,11.97,11.91,11.66,11.42,11.2,10.85,10.84,11.1,10.93
6,2024,ثوم صيني,Chinese Garlic,1 كجم,1 kg,11.4425,11.06,10.98,11.11,10.84,11.3,11.68,11.78,11.67,11.56,11.51,11.76,12.06
6,2023,ثوم صيني,Chinese Garlic,1 كجم,1 kg,10.14333,9.72,9.54,9.42,9.77,9.56,10.07,10.29,10.54,10.73,11.01,10.53,10.54
6,2022,ثوم صيني,Chinese Garlic,1 كجم,1 kg,10.28583,10.47,10.74,10.85,10.9,10.6,10.29,9.99,9.91,10.11,9.92,9.89,9.76
6,2021,ثوم صيني,Chinese Garlic,1 كجم,1 kg,9.71667,8.88,9.04,9.02,8.99,9.24,9.59,9.98,10.58,10.42,10.2,10.26,10.4
6,2020,ثوم صيني,Chinese Garlic,1 كجم,1 kg,10.57417,9.67,12.67,12.7,12.94,12.38,10.96,9.92,9.34,9.11,9.17,9.17,8.86
6,2019,ثوم صيني,Chinese Garlic,1 كجم,1 kg,8.94683,8.03,7.942,8.13,8.24,8.35,8.71,9.39,9.96,9.98,9.66,9.42,9.55
6,2018,ثوم صيني,Chinese Garlic,1 كجم,1 kg,8.52267,9.333,9.112,8.815,8.795,8.74,8.655,8.505,8.247,8.091,7.938,8.064,7.977
6,2017,ثوم صيني,Chinese Garlic,1 كجم,1 kg,10.97558,11.005,11.251,11.389,11.31,11.982,12.697,12.127,10.866,10.412,9.816,9.469,9.383
6,2016,ثوم صيني,Chinese Garlic,1 كجم,1 kg,9.54883,7.726,8.088,8.275,9.018,9.522,10.312,10.186,10.206,10.313,10.271,10.135,10.534
6,2015,ثوم صيني,Chinese Garlic,1 كجم,1 kg,7.04808,6.75,6.69,6.768,6.855,6.85,7.176,7.229,6.986,7.34,7.537,7.353,7.043
6,2014,ثوم صيني,Chinese Garlic,1 كجم,1 kg,6.62767,6.614,6.632,6.43,6.475,6.514,6.82,6.554,6.603,6.684,6.918,6.639,6.649
6,2013,ثوم صيني,Chinese Garlic,1 كجم,1 kg,7.80558,8.031,8.168,8.287,8.321,8.076,8.121,8.005,7.689,7.38,7.456,7.123,7.01
6,2012,ثوم صيني,Chinese Garlic,1 كجم,1 kg,7.338,5.916,5.607,6.352,6.557,6.387,7.366,7.897,8.654,8.627,8.583,8.205,7.905
6,2011,ثوم صيني,Chinese Garlic,1 كجم,1 kg,9.05575,10.652,10.611,10.555,10.813,10.465,10.086,9.605,8.752,7.625,6.725,6.574,6.206
6,2010,ثوم صيني,Chinese Garlic,1 كجم,1 kg,9.35608,6.692,6.741,6.68,6.987,7.375,7.94,10.614,13.466,12.227,11.432,11.218,10.901
6,2009,ثوم صيني,Chinese Garlic,1 كجم,1 kg,4.43133,3.878,3.615,3.448,3.331,3.545,3.444,4.026,4.348,4.834,5.281,6.482,6.944
6,2025,بصل مدور محلي,Local Onion,1 كجم,1 kg,4.67083,5.64,5.51,6.4,6.04,5.1,4.25,3.99,3.9,3.87,3.82,3.76,3.77
6,2024,بصل مدور محلي,Local Onion,1 كجم,1 kg,5.67833,5.59,8.63,7.08,6.22,5.64,4.99,4.69,4.63,4.5,4.59,5.41,6.17
6,2023,بصل مدور محلي,Local Onion,1 كجم,1 kg,3.46083,3.31,3.22,3.2,3.25,3.19,3.21,3.23,3.26,3.44,3.81,4.08,4.33
6,2022,بصل مدور محلي,Local Onion,1 كجم,1 kg,3.215,3.06,3.11,3.07,3.19,3.3,3.21,3.14,3.27,3.34,3.32,3.31,3.26
6,2021,بصل مدور محلي,Local Onion,1 كجم,1 kg,3.11,3.26,3.25,3.16,3.05,3.07,3.11,2.96,3.22,3.15,3.06,2.97,3.06
6,2020,بصل مدور محلي,Local Onion,1 كجم,1 kg,3.48,3.28,3.39,3.81,4.66,3.83,3.27,3.2,3.24,3.24,3.21,3.29,3.34
6,2019,بصل مدور محلي,Local Onion,1 كجم,1 kg,3.07275,3.148,3.105,3.04,3.07,3.02,3.1,3.01,2.99,3.03,3.07,3.11,3.18
6,2018,بصل مدور محلي,Local Onion,1 كجم,1 kg,3.10717,3.147,3.138,3.093,3.051,3.103,3.113,3.109,3.092,3.065,3.091,3.14,3.144
6,2017,بصل مدور محلي,Local Onion,1 كجم,1 kg,2.97258,3.1,3.03,3.03,3.021,2.98,2.913,2.929,2.9,2.959,2.917,2.916,2.976
6,2016,بصل مدور محلي,Local Onion,1 كجم,1 kg,3.11483,3.181,3.222,3.126,3.125,3.147,3.102,3.042,3.095,3.14,3.059,3.05,3.089
6,2015,بصل مدور محلي,Local Onion,1 كجم,1 kg,3.22733,3.403,3.353,3.235,3.189,3.254,3.275,3.157,3.048,3.17,3.22,3.227,3.197
6,2014,بصل مدور محلي,Local Onion,1 كجم,1 kg,3.273,3.321,3.311,3.211,3.193,3.119,3.14,3.121,3.198,3.349,3.407,3.459,3.447
6,2013,بصل مدور محلي,Local Onion,1 كجم,1 kg,3.34358,3.381,3.333,3.303,3.336,3.272,3.301,3.304,3.411,3.301,3.35,3.444,3.387
6,2012,بصل مدور محلي,Local Onion,1 كجم,1 kg,3.01983,3.005,2.787,2.827,2.781,2.789,2.872,2.954,3.161,3.138,3.299,3.301,3.324
6,2011,بصل مدور محلي,Local Onion,1 كجم,1 kg,3.10433,3.611,3.482,3.245,3.011,2.912,2.901,2.882,3.021,2.991,3.054,3.049,3.093
6,2010,بصل مدور محلي,Local Onion,1 كجم,1 kg,2.83358,2.661,2.539,2.586,2.663,2.671,2.674,2.828,2.775,2.805,2.858,3.215,3.728
6,2009,بصل مدور محلي,Local Onion,1 كجم,1 kg,2.65167,2.659,2.828,2.82,2.719,2.548,2.516,2.5,2.677,2.724,2.539,2.629,2.661
6,2025,بصل مدور مستورد,imported Onion,1 كجم,1 kg,5.53083,6.4,6.35,7.19,6.64,5.93,5.32,4.83,4.77,4.79,4.6,4.69,4.86
6,2024,بصل مدور مستورد,imported Onion,1 كجم,1 kg,6.4725,6.01,9.09,7.89,7.17,6.5,5.58,5.66,5.66,5.72,5.78,6.08,6.53
6,2023,بصل مدور مستورد,imported Onion,1 كجم,1 kg,4.31167,4.17,4.13,4.11,4.18,4.12,4.09,4.05,4.08,4.23,4.59,4.82,5.17
6,2022,بصل مدور مستورد,imported Onion,1 كجم,1 kg,4.0425,3.83,4.04,4.04,4.05,4.1,4.01,3.98,4.01,4.15,4.1,4.07,4.13
6,2021,بصل مدور مستورد,imported Onion,1 كجم,1 kg,3.93,4.07,4.12,3.91,3.84,3.83,3.91,3.85,3.97,3.91,3.93,3.93,3.89
6,2020,بصل مدور مستورد,imported Onion,1 كجم,1 kg,4.1925,4.0,4.06,4.4,5.09,4.33,3.98,3.99,4.05,4.08,4.11,4.16,4.06
6,2019,بصل مدور مستورد,imported Onion,1 كجم,1 kg,3.69658,3.655,3.594,3.57,3.61,3.59,3.67,3.75,3.72,3.71,3.81,3.84,3.84
6,2018,بصل مدور مستورد,imported Onion,1 كجم,1 kg,3.552,3.595,3.617,3.524,3.471,3.415,3.448,3.545,3.583,3.56,3.554,3.66,3.652
6,2017,بصل مدور مستورد,imported Onion,1 كجم,1 kg,3.37217,3.501,3.424,3.414,3.414,3.371,3.37,3.286,3.258,3.333,3.339,3.33,3.426
6,2016,بصل مدور مستورد,imported Onion,1 كجم,1 kg,3.50667,3.703,3.606,3.518,3.516,3.569,3.454,3.425,3.515,3.416,3.416,3.455,3.487
6,2015,بصل مدور مستورد,imported Onion,1 كجم,1 kg,3.69175,3.765,3.74,3.619,3.642,3.713,3.646,3.605,3.66,3.648,3.71,3.762,3.791
6,2014,بصل مدور مستورد,imported Onion,1 كجم,1 kg,3.58883,3.686,3.656,3.437,3.517,3.468,3.472,3.471,3.543,3.618,3.695,3.789,3.714
6,2013,بصل مدور مستورد,imported Onion,1 كجم,1 kg,3.55875,3.503,3.472,3.355,3.436,3.448,3.426,3.551,3.63,3.585,3.629,3.82,3.85
6,2012,بصل مدور مستورد,imported Onion,1 كجم,1 kg,3.85558,3.492,3.289,3.554,3.665,3.681,3.797,3.991,4.25,4.131,4.124,4.15,4.143
6,2011,بصل مدور مستورد,imported Onion,1 كجم,1 kg,3.47917,3.917,3.781,3.528,3.381,3.331,3.311,3.224,3.432,3.342,3.457,3.472,3.574
6,2010,بصل مدور مستورد,imported Onion,1 كجم,1 kg,3.185,2.989,2.913,3.009,3.107,3.003,2.944,3.064,3.232,3.201,3.292,3.412,4.054
6,2009,بصل مدور مستورد,imported Onion,1 كجم,1 kg,2.93583,3.1,3.12,3.105,3.055,3.007,2.827,2.695,2.889,2.92,2.793,2.828,2.891
6,2025,زيتون أسود أسباني,Black Spanish Olives,1 كجم,1 kg,25.05083,24.85,24.88,24.97,25.23,25.14,25.24,25.14,25.09,24.85,24.99,25.29,24.94
6,2024,زيتون أسود أسباني,Black Spanish Olives,1 كجم,1 kg,23.68417,22.14,22.78,22.92,23.07,23.71,23.88,24.18,23.98,24.37,24.45,24.34,24.39
6,2023,زيتون أسود أسباني,Black Spanish Olives,1 كجم,1 kg,20.98417,20.52,20.82,20.72,20.73,20.89,20.56,20.56,21.03,20.71,21.46,21.63,22.18
6,2022,زيتون أسود أسباني,Black Spanish Olives,1 كجم,1 kg,19.69083,18.73,19.04,19.12,18.8,19.52,19.77,20.13,20.26,19.96,20.26,20.41,20.29
6,2021,زيتون أسود أسباني,Black Spanish Olives,1 كجم,1 kg,18.29417,18.29,18.27,18.33,18.19,18.45,18.44,18.2,17.92,18.19,18.04,18.52,18.69
6,2020,زيتون أسود أسباني,Black Spanish Olives,1 كجم,1 kg,17.54667,16.74,16.71,16.92,16.89,16.81,17.08,18.47,18.23,18.26,18.2,18.04,18.21
6,2019,زيتون أسود أسباني,Black Spanish Olives,1 كجم,1 kg,16.57342,16.263,16.758,16.68,16.68,16.8,16.56,16.36,16.64,16.56,16.57,16.39,16.62
6,2018,زيتون أسود أسباني,Black Spanish Olives,1 كجم,1 kg,15.83067,15.287,15.298,15.54,15.613,15.605,16.142,16.063,16.106,16.044,15.879,16.145,16.246
6,2017,زيتون أسود أسباني,Black Spanish Olives,1 كجم,1 kg,14.63725,14.963,14.45,14.573,14.651,14.27,14.693,14.272,14.614,14.588,14.74,14.926,14.907
6,2016,زيتون أسود أسباني,Black Spanish Olives,1 كجم,1 kg,14.53233,14.324,14.31,14.33,14.398,14.362,14.441,14.752,14.702,14.77,14.699,14.605,14.695
6,2015,زيتون أسود أسباني,Black Spanish Olives,1 كجم,1 kg,15.04392,14.877,15.288,15.333,15.613,15.243,14.972,15.191,14.895,14.938,15.0,14.667,14.51
6,2014,زيتون أسود أسباني,Black Spanish Olives,1 كجم,1 kg,14.861,14.802,14.619,14.888,14.863,14.928,14.723,14.769,14.788,14.855,15.065,14.997,15.035
6,2013,زيتون أسود أسباني,Black Spanish Olives,1 كجم,1 kg,14.66083,14.71,14.871,14.614,14.589,14.665,14.552,14.495,14.612,14.55,14.758,14.732,14.782
6,2012,زيتون أسود أسباني,Black Spanish Olives,1 كجم,1 kg,14.31733,14.295,14.442,14.03,13.969,13.935,14.545,14.297,14.165,14.44,14.502,14.713,14.475
6,2011,زيتون أسود أسباني,Black Spanish Olives,1 كجم,1 kg,14.18333,14.532,14.414,14.21,14.207,14.119,14.074,13.839,14.16,14.147,14.145,14.262,14.091
6,2010,زيتون أسود أسباني,Black Spanish Olives,1 كجم,1 kg,14.37233,14.464,14.297,14.433,14.293,14.165,14.391,14.709,14.49,14.459,14.394,14.395,13.978
6,2009,زيتون أسود أسباني,Black Spanish Olives,1 كجم,1 kg,14.58708,14.335,14.583,15.01,14.647,14.768,14.484,14.185,14.574,14.782,14.527,14.593,14.557
6,2025,بطاطس وسط محلي,Medium local Potatoes,1 كجم,1 kg,4.27,4.57,4.35,4.39,4.29,4.22,4.09,3.86,3.9,4.11,4.41,4.44,4.61
6,2024,بطاطس وسط محلي,Medium local Potatoes,1 كجم,1 kg,4.9575,5.02,4.92,4.58,4.79,4.95,4.81,4.71,4.91,5.14,5.37,5.25,5.04
6,2023,بطاطس وسط محلي,Medium local Potatoes,1 كجم,1 kg,3.7175,3.58,3.2,3.11,3.23,3.2,3.26,3.37,3.4,3.95,4.22,5.11,4.98
6,2022,بطاطس وسط محلي,Medium local Potatoes,1 كجم,1 kg,4.275,3.52,3.47,3.37,3.43,3.99,4.39,4.4,4.48,5.41,5.37,5.24,4.23
6,2021,بطاطس وسط محلي,Medium local Potatoes,1 كجم,1 kg,3.1,3.15,3.04,2.94,2.86,2.86,2.87,2.86,3.21,3.26,3.31,3.34,3.5
6,2020,بطاطس وسط محلي,Medium local Potatoes,1 كجم,1 kg,3.3225,3.28,3.05,2.97,3.16,3.16,3.23,3.38,3.48,3.48,3.62,3.69,3.37
6,2019,بطاطس وسط محلي,Medium local Potatoes,1 كجم,1 kg,3.53683,3.731,3.591,3.49,3.42,3.45,3.36,3.29,3.45,3.69,3.77,3.71,3.49
6,2018,بطاطس وسط محلي,Medium local Potatoes,1 كجم,1 kg,3.45775,3.143,3.083,3.138,3.15,3.253,3.334,3.359,3.484,3.786,4.021,3.946,3.796
6,2017,بطاطس وسط محلي,Medium local Potatoes,1 كجم,1 kg,3.192,3.197,3.096,3.093,3.109,3.128,3.111,3.181,3.252,3.274,3.321,3.32,3.222
6,2016,بطاطس وسط محلي,Medium local Potatoes,1 كجم,1 kg,3.55883,3.762,3.599,3.471,3.485,3.502,3.4,3.321,3.42,3.739,3.808,3.796,3.403
6,2015,بطاطس وسط محلي,Medium local Potatoes,1 كجم,1 kg,3.80125,3.583,3.5,3.445,3.535,3.836,3.894,3.853,3.818,4.002,4.133,4.049,3.967
6,2014,بطاطس وسط محلي,Medium local Potatoes,1 كجم,1 kg,3.55117,3.097,3.005,2.956,3.213,3.455,3.546,3.671,3.835,4.002,4.178,3.983,3.673
6,2013,بطاطس وسط محلي,Medium local Potatoes,1 كجم,1 kg,3.48583,3.477,3.368,3.315,3.262,3.16,3.267,3.462,3.568,3.751,3.909,3.885,3.406
6,2012,بطاطس وسط محلي,Medium local Potatoes,1 كجم,1 kg,3.33392,2.699,2.533,2.687,2.625,2.831,3.165,3.358,3.64,3.929,4.604,4.128,3.808
6,2011,بطاطس وسط محلي,Medium local Potatoes,1 كجم,1 kg,3.21717,3.195,3.077,3.086,3.333,3.176,3.096,3.07,3.417,3.397,3.496,3.266,2.997
6,2010,بطاطس وسط محلي,Medium local Potatoes,1 كجم,1 kg,3.04917,2.802,2.477,2.443,2.435,2.533,2.648,2.774,3.392,3.551,4.033,3.93,3.572
6,2009,بطاطس وسط محلي,Medium local Potatoes,1 كجم,1 kg,3.04825,3.012,2.921,3.001,2.951,2.758,2.679,2.708,3.061,3.551,3.52,3.403,3.014
6,2025,عدس,Lentils,1 كجم,1 kg,9.85583,10.17,9.8,9.99,9.8,9.77,9.83,9.73,9.87,9.91,9.91,9.85,9.64
6,2024,عدس,Lentils,1 كجم,1 kg,9.68667,9.63,9.72,9.39,9.59,9.56,9.62,9.69,9.74,9.51,9.53,10.02,10.24
6,2023,عدس,Lentils,1 كجم,1 kg,9.92333,9.74,9.94,10.03,10.03,9.89,10.02,9.92,10.04,9.82,10.06,9.89,9.7
6,2022,عدس,Lentils,1 كجم,1 kg,9.88917,9.88,9.76,9.96,10.18,9.94,10.01,9.83,9.97,9.72,9.72,9.82,9.88
6,2021,عدس,Lentils,1 كجم,1 kg,9.6325,9.52,9.42,9.51,9.48,9.62,9.65,9.46,9.49,9.72,9.81,10.02,9.89
6,2020,عدس,Lentils,1 كجم,1 kg,8.895,8.3,8.35,8.24,8.47,8.63,8.47,9.4,9.36,9.24,9.47,9.41,9.4
6,2019,عدس,Lentils,1 كجم,1 kg,8.33975,8.437,8.37,8.27,8.28,8.25,8.36,8.16,8.24,8.44,8.35,8.46,8.46
6,2018,عدس,Lentils,1 كجم,1 kg,8.75658,9.141,9.01,9.08,8.99,8.642,8.956,8.695,8.732,8.429,8.447,8.395,8.562
6,2017,عدس,Lentils,1 كجم,1 kg,8.7495,8.639,8.607,8.608,8.803,8.817,8.752,8.759,8.955,8.772,8.899,8.704,8.679
6,2016,عدس,Lentils,1 كجم,1 kg,8.82717,8.538,8.833,8.761,8.65,8.806,8.845,9.002,8.953,8.942,8.945,8.945,8.706
6,2015,عدس,Lentils,1 كجم,1 kg,8.66683,8.624,8.773,8.738,8.904,8.723,8.622,8.533,8.612,8.597,8.62,8.698,8.558
6,2014,عدس,Lentils,1 كجم,1 kg,8.51025,8.262,8.355,8.283,8.475,8.498,8.588,8.586,8.538,8.582,8.625,8.608,8.723
6,2013,عدس,Lentils,1 كجم,1 kg,8.79325,9.401,9.213,9.363,9.134,9.118,8.946,8.642,8.597,8.405,8.452,8.07,8.178
6,2012,عدس,Lentils,1 كجم,1 kg,9.315,9.731,9.546,8.856,9.297,9.468,9.178,9.278,9.579,9.098,9.21,9.269,9.27
6,2011,عدس,Lentils,1 كجم,1 kg,9.70575,9.624,9.719,9.595,9.64,10.005,9.569,9.606,10.083,9.685,9.66,9.744,9.539
6,2010,عدس,Lentils,1 كجم,1 kg,9.9555,10.121,10.047,10.445,9.872,9.363,10.665,10.003,9.886,9.809,9.902,9.504,9.849
6,2009,عدس,Lentils,1 كجم,1 kg,9.99342,11.309,10.303,10.687,9.719,9.66,9.443,8.893,9.272,10.14,10.136,10.463,9.896
6,2025,فول مدمس (حدائق كاليفورنيا),Medammes Beans (California Garden),450 جم,450 gm,4.645,4.7,4.6,4.61,4.6,4.56,4.62,4.62,4.7,4.67,4.7,4.67,4.69
6,2024,فول مدمس (حدائق كاليفورنيا),Medammes Beans (California Garden),450 جم,450 gm,4.91,5.22,5.04,5.04,5.0,4.93,4.86,4.83,4.87,4.82,4.87,4.66,4.78
6,2023,فول مدمس (حدائق كاليفورنيا),Medammes Beans (California Garden),450 جم,450 gm,4.9175,4.84,4.8,4.74,4.77,4.81,4.85,4.95,4.89,4.92,4.91,5.25,5.28
6,2022,فول مدمس (حدائق كاليفورنيا),Medammes Beans (California Garden),450 جم,450 gm,4.63667,4.36,4.46,4.49,4.61,4.6,4.64,4.63,4.76,4.75,4.74,4.77,4.83
6,2021,فول مدمس (حدائق كاليفورنيا),Medammes Beans (California Garden),450 جم,450 gm,4.295,4.41,4.35,4.3,4.29,4.35,4.31,4.35,4.22,4.17,4.22,4.22,4.35
6,2020,فول مدمس (حدائق كاليفورنيا),Medammes Beans (California Garden),450 جم,450 gm,4.22167,3.95,3.94,3.93,3.92,3.97,3.97,4.51,4.55,4.57,4.44,4.5,4.41
6,2019,فول مدمس (حدائق كاليفورنيا),Medammes Beans (California Garden),450 جم,450 gm,3.79642,3.691,3.756,3.81,3.74,3.74,3.77,3.77,3.9,3.82,3.84,3.83,3.89
6,2018,فول مدمس (حدائق كاليفورنيا),Medammes Beans (California Garden),450 جم,450 gm,3.66892,3.667,3.693,3.673,3.629,3.541,3.577,3.684,3.696,3.709,3.73,3.71,3.718
6,2017,فول مدمس (حدائق كاليفورنيا),Medammes Beans (California Garden),450 جم,450 gm,3.42025,3.365,3.378,3.398,3.401,3.394,3.458,3.451,3.466,3.427,3.43,3.445,3.43
6,2016,فول مدمس (حدائق كاليفورنيا),Medammes Beans (California Garden),450 جم,450 gm,3.39775,3.422,3.342,3.349,3.336,3.338,3.352,3.445,3.464,3.451,3.445,3.44,3.389
6,2015,فول مدمس (حدائق كاليفورنيا),Medammes Beans (California Garden),450 جم,450 gm,3.39017,3.397,3.361,3.417,3.4,3.397,3.402,3.434,3.387,3.399,3.429,3.372,3.287
6,2014,فول مدمس (حدائق كاليفورنيا),Medammes Beans (California Garden),450 جم,450 gm,3.4155,3.369,3.357,3.336,3.404,3.401,3.371,3.388,3.443,3.554,3.469,3.434,3.46
6,2013,فول مدمس (حدائق كاليفورنيا),Medammes Beans (California Garden),450 جم,450 gm,3.30117,3.25,3.301,3.287,3.261,3.255,3.275,3.308,3.344,3.352,3.302,3.331,3.348
6,2012,فول مدمس (حدائق كاليفورنيا),Medammes Beans (California Garden),450 جم,450 gm,3.10017,3.061,3.08,3.018,3.083,3.036,3.151,3.154,3.067,3.104,3.212,3.113,3.123
6,2011,فول مدمس (حدائق كاليفورنيا),Medammes Beans (California Garden),450 جم,450 gm,3.00542,3.016,2.986,2.976,3.022,2.922,2.94,3.064,3.002,3.0,3.037,3.035,3.065
6,2010,فول مدمس (حدائق كاليفورنيا),Medammes Beans (California Garden),450 جم,450 gm,2.88608,2.611,2.701,2.858,2.874,2.936,2.938,2.96,3.011,2.948,2.907,2.942,2.947
6,2009,فول مدمس (حدائق كاليفورنيا),Medammes Beans (California Garden),450 جم,450 gm,2.5705,2.139,2.358,2.581,2.421,2.643,2.649,2.611,2.614,2.645,2.683,2.767,2.735
6,2025,صلصة طماطم محلية (السعودية),Local Tomato Paste (Saudia),135 جم,135 gm,2.03167,2.03,2.03,2.03,2.03,2.04,2.04,2.04,2.03,2.03,2.03,2.03,2.02
6,2024,صلصة طماطم محلية (السعودية),Local Tomato Paste (Saudia),135 جم,135 gm,2.02583,2.02,2.02,2.03,2.03,2.02,2.03,2.04,2.04,2.02,2.02,2.02,2.02
6,2023,صلصة طماطم محلية (السعودية),Local Tomato Paste (Saudia),135 جم,135 gm,1.99,1.97,1.98,1.98,1.99,1.98,1.97,1.99,2.0,2.0,2.01,2.0,2.01
6,2022,صلصة طماطم محلية (السعودية),Local Tomato Paste (Saudia),135 جم,135 gm,1.875,1.66,1.76,1.8,1.85,1.88,1.89,1.91,1.95,1.95,1.94,1.95,1.96
6,2021,صلصة طماطم محلية (السعودية),Local Tomato Paste (Saudia),135 جم,135 gm,1.59833,1.64,1.62,1.61,1.58,1.58,1.6,1.61,1.59,1.58,1.59,1.59,1.59
6,2020,صلصة طماطم محلية (السعودية),Local Tomato Paste (Saudia),135 جم,135 gm,1.58167,1.52,1.53,1.53,1.53,1.53,1.53,1.64,1.63,1.64,1.64,1.63,1.63
6,2019,صلصة طماطم محلية (السعودية),Local Tomato Paste (Saudia),135 جم,135 gm,1.52008,1.531,1.53,1.53,1.53,1.51,1.51,1.51,1.52,1.52,1.51,1.52,1.52
6,2018,صلصة طماطم محلية (السعودية),Local Tomato Paste (Saudia),135 جم,135 gm,1.52292,1.542,1.532,1.522,1.52,1.515,1.514,1.516,1.516,1.517,1.52,1.532,1.529
6,2017,صلصة طماطم محلية (السعودية),Local Tomato Paste (Saudia),135 جم,135 gm,1.48642,1.478,1.481,1.477,1.473,1.477,1.488,1.496,1.492,1.492,1.492,1.495,1.496
6,2016,صلصة طماطم محلية (السعودية),Local Tomato Paste (Saudia),135 جم,135 gm,1.4705,1.465,1.462,1.466,1.452,1.47,1.481,1.462,1.478,1.478,1.477,1.478,1.477
6,2015,صلصة طماطم محلية (السعودية),Local Tomato Paste (Saudia),135 جم,135 gm,1.45742,1.454,1.462,1.457,1.461,1.464,1.464,1.465,1.467,1.455,1.454,1.439,1.447
6,2014,صلصة طماطم محلية (السعودية),Local Tomato Paste (Saudia),135 جم,135 gm,1.43375,1.38,1.422,1.426,1.433,1.442,1.422,1.438,1.432,1.45,1.45,1.453,1.457
6,2013,صلصة طماطم محلية (السعودية),Local Tomato Paste (Saudia),135 جم,135 gm,1.42783,1.433,1.418,1.445,1.448,1.429,1.422,1.398,1.449,1.411,1.407,1.467,1.407
6,2012,صلصة طماطم محلية (السعودية),Local Tomato Paste (Saudia),135 جم,135 gm,1.42808,1.437,1.433,1.398,1.435,1.422,1.441,1.448,1.437,1.402,1.406,1.441,1.437
6,2011,صلصة طماطم محلية (السعودية),Local Tomato Paste (Saudia),135 جم,135 gm,1.41908,1.389,1.401,1.42,1.422,1.414,1.423,1.439,1.439,1.405,1.43,1.445,1.402
6,2010,صلصة طماطم محلية (السعودية),Local Tomato Paste (Saudia),135 جم,135 gm,1.38917,1.349,1.352,1.406,1.355,1.364,1.347,1.398,1.393,1.425,1.437,1.433,1.411
6,2009,صلصة طماطم محلية (السعودية),Local Tomato Paste (Saudia),135 جم,135 gm,1.36208,1.336,1.354,1.35,1.389,1.36,1.344,1.336,1.329,1.5,1.344,1.336,1.367
6,2025,ذرة حلوة,Sweet corn,340 جم,340 gm,6.12917,6.1,6.06,6.03,6.06,6.0,6.11,6.13,6.12,6.12,6.25,6.26,6.31
6,2024,ذرة حلوة,Sweet corn,340 جم,340 gm,6.20667,6.12,6.2,6.23,6.25,6.23,6.22,6.19,6.24,6.17,6.28,6.19,6.16
6,2023,ذرة حلوة,Sweet corn,340 جم,340 gm,6.10333,6.09,6.09,6.12,6.1,6.22,6.13,6.04,6.04,6.08,6.06,6.15,6.12
6,2022,ذرة حلوة,Sweet corn,340 جم,340 gm,6.032222222222222,,,,5.79,5.84,6.05,6.14,6.09,6.07,6.08,6.12,6.11
6,2025,سكر ناعم (الاسرة),Soft sugar  (AlOsra),10 كجم,10 kg,42.89417,44.05,42.97,42.85,43.58,43.54,43.25,43.34,42.84,42.77,42.35,41.89,41.3
6,2024,سكر ناعم (الاسرة),Soft sugar  (AlOsra),10 كجم,10 kg,43.96167,43.67,43.37,43.31,43.5,43.64,43.69,44.05,44.14,44.6,44.64,44.48,44.45
6,2023,سكر ناعم (الاسرة),Soft sugar  (AlOsra),10 كجم,10 kg,37.96083,35.82,35.83,35.69,36.01,37.22,37.08,37.38,38.04,38.81,39.57,41.37,42.71
6,2022,سكر ناعم (الاسرة),Soft sugar  (AlOsra),10 كجم,10 kg,34.72667,33.41,33.9,33.63,34.46,34.1,34.47,35.0,35.32,35.55,35.65,35.4,35.83
6,2021,سكر ناعم (الاسرة),Soft sugar  (AlOsra),10 كجم,10 kg,30.98167,30.48,30.82,30.66,29.72,30.29,30.71,30.18,30.63,31.01,31.56,32.62,33.1
6,2020,سكر ناعم (الاسرة),Soft sugar  (AlOsra),10 كجم,10 kg,29.16583,27.5,27.34,27.62,28.11,27.8,26.98,30.52,31.16,30.7,30.94,30.26,31.06
6,2019,سكر ناعم (الاسرة),Soft sugar  (AlOsra),10 كجم,10 kg,27.52608,28.498,27.785,27.66,27.25,27.55,27.58,26.66,27.13,27.6,27.18,27.82,27.6
6,2018,سكر ناعم (الاسرة),Soft sugar  (AlOsra),10 كجم,10 kg,29.15125,30.028,30.124,30.039,29.763,27.999,29.673,29.307,29.21,28.645,29.12,27.931,27.976
6,2017,سكر ناعم (الاسرة),Soft sugar  (AlOsra),10 كجم,10 kg,29.51325,29.868,30.136,29.923,29.815,29.493,29.824,29.705,29.446,29.461,28.852,28.872,28.764
6,2016,سكر ناعم (الاسرة),Soft sugar  (AlOsra),10 كجم,10 kg,26.59425,25.104,24.879,25.073,25.322,25.784,25.771,26.309,26.669,27.151,28.38,29.026,29.663
6,2015,سكر ناعم (الاسرة),Soft sugar  (AlOsra),10 كجم,10 kg,26.64542,29.209,28.447,27.7,27.195,27.019,26.759,25.949,25.658,25.721,25.53,25.456,25.102
6,2014,سكر ناعم (الاسرة),Soft sugar  (AlOsra),10 كجم,10 kg,30.98825,32.989,31.986,31.235,31.403,31.03,30.577,30.717,30.646,30.674,30.446,30.431,29.725
6,2013,سكر ناعم (الاسرة),Soft sugar  (AlOsra),10 كجم,10 kg,33.9755,35.182,34.946,34.294,34.58,34.007,33.414,33.475,33.933,33.653,33.623,33.494,33.105
6,2012,سكر ناعم (الاسرة),Soft sugar  (AlOsra),10 كجم,10 kg,36.29092,38.621,37.084,36.649,36.885,36.432,35.63,35.499,35.736,36.008,35.888,35.514,35.545
6,2011,سكر ناعم (الاسرة),Soft sugar  (AlOsra),10 كجم,10 kg,40.76267,41.31,41.868,41.777,40.905,39.631,38.991,39.758,40.969,41.428,41.823,40.928,39.764
6,2010,سكر ناعم (الاسرة),Soft sugar  (AlOsra),10 كجم,10 kg,33.14083,33.693,35.269,33.735,30.751,29.61,29.074,30.208,31.561,33.071,34.587,36.967,39.164
6,2009,سكر ناعم (الاسرة),Soft sugar  (AlOsra),10 كجم,10 kg,25.21733,23.396,22.499,23.776,23.51,23.307,23.238,23.455,24.771,26.998,28.491,29.207,29.96
6,2025,عسل نحل مستورد (لانجليز),imported Honey (Langilies),1 كجم,1 kg,81.46417,84.26,85.22,83.76,89.26,89.53,81.37,78.62,76.33,78.37,77.29,76.89,76.67
6,2024,عسل نحل مستورد (لانجليز),imported Honey (Langilies),1 كجم,1 kg,80.23417,81.04,81.57,78.98,80.88,79.24,81.56,79.62,76.24,78.88,82.49,81.96,80.35
6,2023,عسل نحل مستورد (لانجليز),imported Honey (Langilies),1 كجم,1 kg,79.985,79.81,80.03,78.58,80.01,80.86,79.65,79.37,79.74,80.12,81.01,79.41,81.23
6,2022,عسل نحل مستورد (لانجليز),imported Honey (Langilies),1 كجم,1 kg,78.18917,74.51,74.67,76.75,77.72,79.07,79.58,80.21,78.69,79.2,78.76,79.86,79.25
6,2021,عسل نحل مستورد (لانجليز),imported Honey (Langilies),1 كجم,1 kg,73.02667,72.88,73.1,72.67,72.21,73.15,72.26,71.84,72.83,73.7,73.51,74.34,73.83
6,2020,عسل نحل مستورد (لانجليز),imported Honey (Langilies),1 كجم,1 kg,69.78083,66.43,65.61,66.0,66.67,66.83,66.99,73.88,73.79,72.76,72.81,73.23,72.37
6,2019,عسل نحل مستورد (لانجليز),imported Honey (Langilies),1 كجم,1 kg,65.06875,62.721,63.604,64.29,64.48,64.63,65.5,66.04,66.24,66.36,65.48,65.42,66.06
6,2018,عسل نحل مستورد (لانجليز),imported Honey (Langilies),1 كجم,1 kg,61.92492,61.167,61.037,61.921,62.043,60.92,61.837,62.447,62.406,62.322,62.501,62.114,62.384
6,2017,عسل نحل مستورد (لانجليز),imported Honey (Langilies),1 كجم,1 kg,58.088,57.87,57.981,57.993,58.063,57.862,57.907,57.976,57.912,58.127,58.221,58.594,58.55
6,2016,عسل نحل مستورد (لانجليز),imported Honey (Langilies),1 كجم,1 kg,57.236,57.537,57.726,57.407,57.606,57.109,56.881,57.017,56.824,56.738,57.009,57.182,57.796
6,2015,عسل نحل مستورد (لانجليز),imported Honey (Langilies),1 كجم,1 kg,55.78292,55.264,55.473,55.299,55.236,55.319,55.348,55.535,55.821,55.882,56.252,56.669,57.297
6,2014,عسل نحل مستورد (لانجليز),imported Honey (Langilies),1 كجم,1 kg,55.39233,54.052,54.7,54.966,55.311,55.83,55.413,55.416,55.756,56.124,55.782,56.041,55.317
6,2013,عسل نحل مستورد (لانجليز),imported Honey (Langilies),1 كجم,1 kg,51.45808,51.28,51.291,51.218,51.389,51.263,50.024,50.296,51.436,51.621,51.635,52.589,53.455
6,2012,عسل نحل مستورد (لانجليز),imported Honey (Langilies),1 كجم,1 kg,50.78883,50.802,50.435,50.674,50.853,50.276,50.963,50.08,50.937,50.815,51.0,51.211,51.42
6,2011,عسل نحل مستورد (لانجليز),imported Honey (Langilies),1 كجم,1 kg,50.06717,48.943,49.778,49.8,50.065,50.165,50.286,50.027,50.21,50.111,50.24,50.467,50.714
6,2010,عسل نحل مستورد (لانجليز),imported Honey (Langilies),1 كجم,1 kg,47.2755,45.813,46.358,46.166,46.218,46.844,47.179,47.367,47.673,47.632,48.706,48.734,48.616
6,2009,عسل نحل مستورد (لانجليز),imported Honey (Langilies),1 كجم,1 kg,43.78175,40.958,43.275,44.981,46.084,41.518,43.036,43.672,43.915,44.206,44.29,44.291,45.155
6,2025,حليب أطفال حديثي الولادة (سميلاك 1),Newborn Milk  (Similac 1),400 جم,400 gm,49.92917,48.93,48.96,48.98,49.16,49.56,50.36,50.63,50.6,50.51,50.55,50.48,50.43
6,2024,حليب أطفال حديثي الولادة (سميلاك 1),Newborn Milk  (Similac 1),400 جم,400 gm,46.65333,44.35,45.24,45.71,45.83,45.91,46.34,46.5,46.84,47.35,47.86,48.89,49.02
6,2023,حليب أطفال حديثي الولادة (سميلاك 1),Newborn Milk  (Similac 1),400 جم,400 gm,43.3225,41.16,41.81,42.31,42.5,43.54,43.87,43.98,44.44,43.87,43.77,44.15,44.47
6,2022,حليب أطفال حديثي الولادة (سميلاك 1),Newborn Milk  (Similac 1),400 جم,400 gm,37.64917,35.37,35.52,35.58,35.78,35.89,35.97,37.88,38.81,39.89,40.03,40.55,40.52
6,2021,حليب أطفال حديثي الولادة (سميلاك 1),Newborn Milk  (Similac 1),400 جم,400 gm,33.945,33.29,33.29,33.27,33.37,33.39,33.44,33.71,34.11,34.34,34.7,35.11,35.32
6,2020,حليب أطفال حديثي الولادة (سميلاك 1),Newborn Milk  (Similac 1),400 جم,400 gm,31.69833,30.25,30.26,30.26,30.26,30.47,30.45,32.88,33.09,33.09,33.12,33.12,33.13
6,2019,حليب أطفال حديثي الولادة (سميلاك 1),Newborn Milk  (Similac 1),400 جم,400 gm,30.2185,30.144,30.208,30.19,30.15,30.14,30.19,30.26,30.28,30.26,30.27,30.28,30.25
6,2018,حليب أطفال حديثي الولادة (سميلاك 1),Newborn Milk  (Similac 1),400 جم,400 gm,30.03217,30.012,30.068,30.078,29.984,29.989,29.933,30.042,30.032,30.044,30.036,30.051,30.117
6,2017,حليب أطفال حديثي الولادة (سميلاك 1),Newborn Milk  (Similac 1),400 جم,400 gm,28.977,28.986,28.982,28.974,28.974,28.982,28.982,28.982,28.974,28.958,28.982,28.974,28.974
6,2016,حليب أطفال حديثي الولادة (سميلاك 1),Newborn Milk  (Similac 1),400 جم,400 gm,28.98133,28.982,28.982,28.982,28.982,28.982,28.982,28.982,28.974,28.982,28.982,28.982,28.982
6,2015,حليب أطفال حديثي الولادة (سميلاك 1),Newborn Milk  (Similac 1),400 جم,400 gm,28.99333,29.005,28.982,28.973,28.989,28.997,28.989,28.986,28.981,29.029,29.013,28.986,28.99
6,2014,حليب أطفال حديثي الولادة (سميلاك 1),Newborn Milk  (Similac 1),400 جم,400 gm,32.49783,35.93,36.097,36.274,36.41,36.737,33.282,30.184,29.127,28.941,28.996,28.987,29.009
6,2013,حليب أطفال حديثي الولادة (سميلاك 1),Newborn Milk  (Similac 1),400 جم,400 gm,35.20617,34.83,34.74,34.945,34.955,35.082,35.093,35.171,35.284,35.439,35.554,35.744,35.637
6,2012,حليب أطفال حديثي الولادة (سميلاك 1),Newborn Milk  (Similac 1),400 جم,400 gm,32.77917,30.326,30.887,31.08,31.594,32.357,32.753,33.053,33.783,34.094,34.387,34.422,34.614
6,2011,حليب أطفال حديثي الولادة (سميلاك 1),Newborn Milk  (Similac 1),400 جم,400 gm,28.73333,28.422,28.394,28.31,28.518,28.541,28.603,28.646,28.725,28.846,29.04,29.245,29.51
6,2010,حليب أطفال حديثي الولادة (سميلاك 1),Newborn Milk  (Similac 1),400 جم,400 gm,27.36117,26.116,26.707,26.875,26.455,26.847,27.237,27.083,27.626,28.247,28.358,28.394,28.389
6,2009,حليب أطفال حديثي الولادة (سميلاك 1),Newborn Milk  (Similac 1),400 جم,400 gm,25.36683,24.812,24.95,25.152,25.197,25.365,25.278,25.288,25.541,25.534,25.585,25.702,25.998
6,2025,هيل أمريكي,American Cardamom,1 كجم,1 kg,177.53083,170.34,171.28,175.92,176.07,178.24,179.17,179.78,179.6,178.98,180.09,180.56,180.34
6,2024,هيل أمريكي,American Cardamom,1 كجم,1 kg,146.68083,125.71,130.61,136.3,135.68,138.58,144.48,152.05,153.65,157.04,159.68,162.35,164.04
6,2023,هيل أمريكي,American Cardamom,1 كجم,1 kg,121.825,127.3,124.12,123.98,121.37,122.66,121.21,118.81,118.87,122.2,122.28,119.88,119.22
6,2022,هيل أمريكي,American Cardamom,1 كجم,1 kg,152.13,167.93,165.84,163.17,161.78,159.09,155.68,151.79,142.68,141.08,140.25,138.3,137.97
6,2021,هيل أمريكي,American Cardamom,1 كجم,1 kg,181.37833,192.3,191.34,189.87,187.63,181.54,182.38,180.97,180.42,176.57,172.37,171.44,169.71
6,2020,هيل أمريكي,American Cardamom,1 كجم,1 kg,200.30917,162.55,191.69,205.69,205.31,206.84,198.81,208.94,207.99,205.98,207.56,204.68,197.67
6,2019,هيل أمريكي,American Cardamom,1 كجم,1 kg,119.05917,106.568,109.332,110.57,112.87,113.21,115.97,119.23,120.63,123.94,127.23,130.25,138.91
6,2018,هيل أمريكي,American Cardamom,1 كجم,1 kg,96.63142,94.959,95.73,95.232,95.742,95.65,93.963,94.645,94.587,94.907,100.039,101.283,102.84
6,2017,هيل أمريكي,American Cardamom,1 كجم,1 kg,90.8485,87.663,88.738,91.253,91.299,90.955,90.562,91.288,91.404,91.335,91.83,91.998,91.857
6,2016,هيل أمريكي,American Cardamom,1 كجم,1 kg,85.62308,89.073,88.447,86.991,85.603,86.215,84.61,84.222,83.634,82.962,83.954,85.745,86.021
6,2015,هيل أمريكي,American Cardamom,1 كجم,1 kg,91.57392,92.312,91.667,91.875,92.318,92.298,91.983,91.348,92.319,91.981,91.722,90.551,88.513
6,2014,هيل أمريكي,American Cardamom,1 كجم,1 kg,91.82358,89.193,90.853,90.937,92.063,92.197,93.422,92.924,92.786,92.36,91.599,91.388,92.161
6,2013,هيل أمريكي,American Cardamom,1 كجم,1 kg,94.6475,97.724,98.09,96.821,97.09,95.701,94.649,94.035,93.534,92.302,92.099,92.457,91.268
6,2012,هيل أمريكي,American Cardamom,1 كجم,1 kg,103.21708,110.504,103.484,105.47,105.866,106.104,104.947,104.712,102.245,98.79,98.811,98.403,99.269
6,2011,هيل أمريكي,American Cardamom,1 كجم,1 kg,126.032,128.452,130.596,130.736,130.23,128.909,127.783,127.079,126.261,125.113,122.156,119.345,115.724
6,2010,هيل أمريكي,American Cardamom,1 كجم,1 kg,122.00783,101.91,114.47,116.462,119.312,120.386,124.986,125.678,126.914,129.237,128.623,127.212,128.904
6,2009,هيل أمريكي,American Cardamom,1 كجم,1 kg,76.1245,67.084,67.441,68.08,69.927,69.173,71.708,73.631,78.632,82.781,83.72,87.184,94.133
6,2025,هيل هندي,Indian Cardomom,1 كجم,1 kg,174.02333,167.07,169.59,173.83,172.8,174.79,174.75,174.86,174.71,175.41,175.36,178.0,177.11
6,2024,هيل هندي,Indian Cardomom,1 كجم,1 kg,149.09,138.01,137.98,140.02,140.03,143.35,146.46,153.0,154.83,154.48,157.19,160.88,162.85
6,2023,هيل هندي,Indian Cardomom,1 كجم,1 kg,138.73417,142.47,139.85,139.79,140.1,140.02,137.65,137.89,135.62,137.95,138.01,137.27,138.19
6,2022,هيل هندي,Indian Cardomom,1 كجم,1 kg,159.44,172.48,170.36,167.51,166.04,163.45,161.19,156.73,154.28,153.08,149.53,150.03,148.6
6,2021,هيل هندي,Indian Cardomom,1 كجم,1 kg,191.81417,209.17,208.41,205.88,197.13,194.63,194.38,190.24,186.56,181.54,181.1,177.32,175.41
6,2020,هيل هندي,Indian Cardomom,1 كجم,1 kg,230.72083,154.88,221.25,242.5,293.75,304.0,242.58,227.06,220.15,214.84,221.9,214.45,211.29
6,2019,هيل هندي,Indian Cardomom,1 كجم,1 kg,125.07333,108.045,116.675,113.02,113.44,117.64,122.13,134.83,137.61,138.25,137.21,122.85,139.18
6,2018,هيل هندي,Indian Cardomom,1 كجم,1 kg,104.46308,101.987,102.587,102.276,102.959,102.514,101.435,103.123,102.923,105.989,109.137,109.148,109.479
6,2017,هيل هندي,Indian Cardomom,1 كجم,1 kg,97.61292,93.588,95.512,97.558,96.603,97.361,98.206,98.677,97.77,99.168,99.067,99.059,98.786
6,2016,هيل هندي,Indian Cardomom,1 كجم,1 kg,88.326,92.649,90.403,90.198,87.627,88.857,88.016,86.91,85.388,85.035,86.595,88.284,89.95
6,2015,هيل هندي,Indian Cardomom,1 كجم,1 kg,93.45925,93.156,92.612,92.512,92.874,93.466,94.124,93.484,94.209,94.626,94.262,93.517,92.669
6,2014,هيل هندي,Indian Cardomom,1 كجم,1 kg,93.02883,90.948,92.24,92.869,93.467,94.783,94.27,93.245,93.245,92.67,92.192,92.852,93.565
6,2013,هيل هندي,Indian Cardomom,1 كجم,1 kg,99.55408,102.815,102.93,102.85,103.069,101.469,100.008,101.981,98.905,96.303,96.417,94.633,93.269
6,2012,هيل هندي,Indian Cardomom,1 كجم,1 kg,106.69367,110.708,104.678,106.906,110.238,109.386,110.784,107.78,106.258,104.55,103.795,102.903,102.338
6,2011,هيل هندي,Indian Cardomom,1 كجم,1 kg,131.36958,136.746,139.998,138.691,138.186,137.42,134.411,133.117,132.759,128.072,123.577,119.056,114.402
6,2010,هيل هندي,Indian Cardomom,1 كجم,1 kg,129.92,111.942,124.275,125.898,126.036,126.012,131.428,134.038,136.665,138.177,136.237,134.402,133.93
6,2009,هيل هندي,Indian Cardomom,1 كجم,1 kg,86.967,80.125,81.528,83.225,83.35,81.7,83.217,84.801,88.091,90.764,90.749,94.77,101.284
6,2025,بقدونس,Parsley,1 حزمة,1 Bundle,1.08083,1.07,1.07,1.08,1.08,1.1,1.09,1.09,1.08,1.08,1.08,1.08,1.07
6,2024,بقدونس,Parsley,1 حزمة,1 Bundle,1.05917,1.09,1.08,1.07,1.06,1.06,1.06,1.06,1.05,1.05,1.04,1.04,1.05
6,2023,بقدونس,Parsley,1 حزمة,1 Bundle,1.06583,1.06,1.06,1.06,1.07,1.07,1.07,1.06,1.05,1.05,1.07,1.08,1.09
6,2022,بقدونس,Parsley,1 حزمة,1 Bundle,1.05667,1.04,1.04,1.06,1.06,1.06,1.06,1.06,1.06,1.06,1.06,1.06,1.06
6,2021,بقدونس,Parsley,1 حزمة,1 Bundle,1.04667,1.04,1.04,1.04,1.06,1.07,1.05,1.04,1.05,1.04,1.04,1.05,1.04
6,2020,بقدونس,Parsley,1 حزمة,1 Bundle,1.02,0.97,0.97,0.98,0.99,1.0,0.99,1.06,1.07,1.07,1.05,1.05,1.04
6,2019,بقدونس,Parsley,1 حزمة,1 Bundle,0.96925,1.016,0.965,0.97,0.96,0.97,0.96,0.96,0.97,0.97,0.96,0.96,0.97
6,2018,بقدونس,Parsley,1 حزمة,1 Bundle,0.99242,1.002,0.986,0.985,0.987,1.028,1.005,0.988,0.98,0.964,0.982,0.993,1.009
6,2017,بقدونس,Parsley,1 حزمة,1 Bundle,1.00558,1.016,1.01,1.01,1.004,1.0,1.054,0.997,0.998,0.997,0.994,0.994,0.993
6,2016,بقدونس,Parsley,1 حزمة,1 Bundle,1.01667,1.003,1.004,1.01,1.005,1.011,1.058,1.018,1.034,1.011,1.013,1.02,1.013
6,2015,بقدونس,Parsley,1 حزمة,1 Bundle,1.0185,1.005,1.003,1.016,1.009,1.026,1.055,1.028,1.009,1.028,1.034,1.005,1.004
6,2014,بقدونس,Parsley,1 حزمة,1 Bundle,1.01,1.007,1.005,0.994,0.996,1.005,1.009,1.036,1.004,1.01,1.02,1.02,1.014
6,2013,بقدونس,Parsley,1 حزمة,1 Bundle,0.98533,0.981,0.985,0.969,0.978,0.975,0.983,1.071,0.979,0.97,0.962,0.979,0.992
6,2012,بقدونس,Parsley,1 حزمة,1 Bundle,0.98567,0.95,0.95,0.972,0.97,0.983,0.987,1.0,1.044,1.009,1.001,0.982,0.98
6,2011,بقدونس,Parsley,1 حزمة,1 Bundle,0.95992,0.957,0.934,0.938,0.95,0.962,0.962,0.962,1.026,0.991,0.951,0.94,0.946
6,2010,بقدونس,Parsley,1 حزمة,1 Bundle,0.96467,0.929,0.936,0.924,0.923,0.925,0.938,0.949,1.076,1.032,0.995,0.991,0.958
6,2009,بقدونس,Parsley,1 حزمة,1 Bundle,0.958,0.987,0.955,0.94,0.904,0.906,0.906,0.922,0.991,1.141,0.966,0.957,0.921
6,2025,عصير برتقال معلب محلي (راني),orange Local Juice (Rani),180 ملل,180 ml,1.8275,1.83,1.83,1.83,1.83,1.83,1.83,1.83,1.82,1.82,1.83,1.83,1.82
6,2024,عصير برتقال معلب محلي (راني),orange Local Juice (Rani),180 ملل,180 ml,1.83667,1.83,1.83,1.84,1.84,1.84,1.84,1.84,1.84,1.84,1.84,1.83,1.83
6,2023,عصير برتقال معلب محلي (راني),orange Local Juice (Rani),180 ملل,180 ml,1.815,1.81,1.81,1.81,1.8,1.81,1.81,1.82,1.81,1.81,1.82,1.83,1.84
6,2022,عصير برتقال معلب محلي (راني),orange Local Juice (Rani),180 ملل,180 ml,1.75667,1.65,1.69,1.71,1.73,1.76,1.78,1.79,1.78,1.79,1.8,1.8,1.8
6,2021,عصير برتقال معلب محلي (راني),orange Local Juice (Rani),180 ملل,180 ml,1.6075,1.7,1.65,1.66,1.64,1.63,1.6,1.59,1.56,1.56,1.56,1.56,1.58
6,2020,عصير برتقال معلب محلي (راني),orange Local Juice (Rani),180 ملل,180 ml,1.65667,1.57,1.59,1.59,1.6,1.6,1.59,1.73,1.73,1.74,1.73,1.71,1.7
6,2019,عصير برتقال معلب محلي (راني),orange Local Juice (Rani),180 ملل,180 ml,1.08475,1.042,1.045,1.06,1.04,1.04,1.04,1.04,1.04,1.04,1.04,1.04,1.55
6,2018,عصير برتقال معلب محلي (راني),orange Local Juice (Rani),180 ملل,180 ml,1.03925,1.037,1.038,1.038,1.039,1.039,1.039,1.039,1.04,1.04,1.04,1.04,1.042
6,2017,عصير برتقال معلب محلي (راني),orange Local Juice (Rani),180 ملل,180 ml,1.0,1.0,1.0,1.0,1.0,1.0,1.0,1.0,1.0,1.0,1.0,1.0,1.0
6,2016,عصير برتقال معلب محلي (راني),orange Local Juice (Rani),180 ملل,180 ml,1.0,1.0,1.0,1.0,1.0,1.0,1.0,1.0,1.0,1.0,1.0,1.0,1.0
6,2015,عصير برتقال معلب محلي (راني),orange Local Juice (Rani),180 ملل,180 ml,1.0,1.0,1.0,1.0,1.0,1.0,1.0,1.0,1.0,1.0,1.0,1.0,1.0
6,2014,عصير برتقال معلب محلي (راني),orange Local Juice (Rani),180 ملل,180 ml,1.0,1.0,1.0,1.0,1.0,1.0,1.0,1.0,1.0,1.0,1.0,1.0,1.0
6,2013,عصير برتقال معلب محلي (راني),orange Local Juice (Rani),180 ملل,180 ml,1.0,1.0,1.0,1.0,1.0,1.0,1.0,1.0,1.0,1.0,1.0,1.0,1.0
6,2012,عصير برتقال معلب محلي (راني),orange Local Juice (Rani),180 ملل,180 ml,1.0,1.0,1.0,1.0,1.0,1.0,1.0,1.0,1.0,1.0,1.0,1.0,1.0
6,2011,عصير برتقال معلب محلي (راني),orange Local Juice (Rani),180 ملل,180 ml,1.0,1.0,1.0,1.0,1.0,1.0,1.0,1.0,1.0,1.0,1.0,1.0,1.0
6,2010,عصير برتقال معلب محلي (راني),orange Local Juice (Rani),180 ملل,180 ml,1.0,1.0,1.0,1.0,1.0,1.0,1.0,1.0,1.0,1.0,1.0,1.0,1.0
6,2009,عصير برتقال معلب محلي (راني),orange Local Juice (Rani),180 ملل,180 ml,1.0,1.0,1.0,1.0,1.0,1.0,1.0,1.0,1.0,1.0,1.0,1.0,1.0
6,2025,بن حب / هرري,"Coffee beans, Hrari",1 كجم,1 kg,47.0375,45.56,46.13,46.12,46.56,47.46,47.45,47.66,47.5,47.35,47.47,47.71,47.48
6,2024,بن حب / هرري,"Coffee beans, Hrari",1 كجم,1 kg,44.8875,44.78,44.87,44.44,45.11,44.51,44.36,44.78,44.47,45.25,45.15,45.25,45.68
6,2023,بن حب / هرري,"Coffee beans, Hrari",1 كجم,1 kg,44.78667,44.41,44.39,44.87,44.42,44.46,44.79,45.27,44.55,45.42,45.32,44.66,44.88
6,2022,بن حب / هرري,"Coffee beans, Hrari",1 كجم,1 kg,41.56583,39.66,39.89,40.26,40.98,41.19,41.82,41.81,41.32,42.59,43.44,43.02,42.81
6,2021,بن حب / هرري,"Coffee beans, Hrari",1 كجم,1 kg,39.72833,40.37,40.4,40.15,39.22,39.68,39.25,39.93,39.5,39.5,39.56,39.7,39.48
6,2020,بن حب / هرري,"Coffee beans, Hrari",1 كجم,1 kg,38.92917,36.78,36.7,36.64,37.07,37.61,37.9,40.91,40.63,40.85,40.92,40.8,40.34
6,2019,بن حب / هرري,"Coffee beans, Hrari",1 كجم,1 kg,36.38117,36.11,36.424,36.22,36.5,36.23,36.04,36.55,36.36,36.36,36.55,36.58,36.65
6,2018,بن حب / هرري,"Coffee beans, Hrari",1 كجم,1 kg,36.15467,35.917,36.485,36.534,36.208,35.621,36.163,36.027,35.94,36.094,36.285,36.331,36.251
6,2017,بن حب / هرري,"Coffee beans, Hrari",1 كجم,1 kg,34.00858,32.595,33.001,33.41,33.963,33.982,34.228,34.41,34.331,34.271,34.56,34.722,34.63
6,2016,بن حب / هرري,"Coffee beans, Hrari",1 كجم,1 kg,33.49275,34.368,34.872,34.627,34.142,33.361,33.307,33.126,32.899,32.692,32.757,32.891,32.871
6,2015,بن حب / هرري,"Coffee beans, Hrari",1 كجم,1 kg,35.76225,36.436,36.165,36.518,35.929,35.671,36.128,35.592,35.635,35.355,35.82,35.275,34.623
6,2014,بن حب / هرري,"Coffee beans, Hrari",1 كجم,1 kg,37.28442,38.078,37.841,37.765,37.617,37.582,37.67,37.314,37.077,36.968,36.679,36.276,36.546
6,2013,بن حب / هرري,"Coffee beans, Hrari",1 كجم,1 kg,37.19883,36.296,36.684,36.553,36.497,37.192,36.989,37.765,37.628,37.715,37.605,37.775,37.687
6,2012,بن حب / هرري,"Coffee beans, Hrari",1 كجم,1 kg,34.34442,32.628,32.504,32.856,33.27,33.284,34.64,34.452,35.04,35.502,35.733,35.889,36.335
6,2011,بن حب / هرري,"Coffee beans, Hrari",1 كجم,1 kg,28.55175,25.206,25.786,26.054,26.519,26.749,26.96,28.502,30.433,30.774,31.49,31.578,32.57
6,2010,بن حب / هرري,"Coffee beans, Hrari",1 كجم,1 kg,25.33592,25.665,25.7,25.075,25.263,24.853,25.151,25.755,24.98,25.172,25.572,25.181,25.664
6,2009,بن حب / هرري,"Coffee beans, Hrari",1 كجم,1 kg,24.2,23.437,22.771,23.043,23.989,23.959,23.422,24.019,25.044,24.998,25.288,25.307,25.123
6,2025,بن حب / لقمتي,"Coffee beans, Loqmati",1 كجم,1 kg,35.02833,31.86,32.67,33.77,34.89,35.53,35.46,35.67,35.9,35.95,36.17,36.34,36.13
6,2024,بن حب / لقمتي,"Coffee beans, Loqmati",1 كجم,1 kg,31.84083,32.69,32.59,32.1,32.03,32.07,31.95,32.16,31.37,31.45,31.5,31.1,31.08
6,2023,بن حب / لقمتي,"Coffee beans, Loqmati",1 كجم,1 kg,32.42083,31.97,32.45,32.38,32.62,32.48,33.19,32.13,32.15,32.28,32.62,32.47,32.31
6,2022,بن حب / لقمتي,"Coffee beans, Loqmati",1 كجم,1 kg,29.52167,26.45,26.54,27.18,28.59,28.93,29.66,30.14,30.65,31.2,31.55,31.58,31.79
6,2021,بن حب / لقمتي,"Coffee beans, Loqmati",1 كجم,1 kg,27.46583,28.66,28.85,28.52,27.99,27.75,27.62,28.42,27.34,26.21,25.92,26.05,26.26
6,2020,بن حب / لقمتي,"Coffee beans, Loqmati",1 كجم,1 kg,28.18917,26.93,26.7,26.87,27.03,27.4,27.26,29.42,29.52,29.58,29.59,29.16,28.81
6,2019,بن حب / لقمتي,"Coffee beans, Loqmati",1 كجم,1 kg,26.27925,25.806,26.335,26.26,26.35,26.21,26.25,26.17,26.05,26.34,26.32,26.46,26.8
6,2018,بن حب / لقمتي,"Coffee beans, Loqmati",1 كجم,1 kg,26.35033,26.357,27.155,26.837,26.754,26.635,26.522,26.256,26.066,26.001,25.879,26.016,25.726
6,2017,بن حب / لقمتي,"Coffee beans, Loqmati",1 كجم,1 kg,25.32608,25.101,25.097,25.067,25.122,25.363,25.189,25.31,25.403,25.597,25.613,25.464,25.587
6,2016,بن حب / لقمتي,"Coffee beans, Loqmati",1 كجم,1 kg,25.83433,26.73,27.016,26.651,26.063,25.718,25.538,25.46,25.547,25.348,25.011,25.352,25.578
6,2015,بن حب / لقمتي,"Coffee beans, Loqmati",1 كجم,1 kg,28.27783,29.118,28.837,28.796,28.914,28.287,28.228,28.065,27.949,28.063,28.014,27.936,27.127
6,2014,بن حب / لقمتي,"Coffee beans, Loqmati",1 كجم,1 kg,29.3635,29.351,28.886,29.232,29.299,29.45,29.26,29.46,29.789,29.952,29.614,29.102,28.967
6,2013,بن حب / لقمتي,"Coffee beans, Loqmati",1 كجم,1 kg,28.60275,28.473,28.467,27.951,28.015,27.945,28.363,28.924,28.711,29.106,28.963,29.189,29.126
6,2012,بن حب / لقمتي,"Coffee beans, Loqmati",1 كجم,1 kg,27.354,26.91,26.826,27.467,27.195,26.926,27.369,26.774,26.964,27.47,27.879,28.24,28.228
6,2011,بن حب / لقمتي,"Coffee beans, Loqmati",1 كجم,1 kg,23.33,20.226,20.304,20.865,21.606,22.078,22.29,23.14,24.702,25.488,26.049,26.292,26.92
6,2010,بن حب / لقمتي,"Coffee beans, Loqmati",1 كجم,1 kg,19.69333,19.886,19.302,19.517,19.757,19.449,19.086,19.874,19.449,19.808,19.992,20.275,19.925
6,2009,بن حب / لقمتي,"Coffee beans, Loqmati",1 كجم,1 kg,18.6305,17.395,18.135,17.961,18.099,18.759,18.491,18.123,18.648,19.581,19.675,19.537,19.162
6,2025,قهوة سريعة التحضير (نسكافيه),Instant Coffee  (Nescaf),100 جم,100 gm,28.1575,28.37,28.36,28.35,28.58,28.47,28.14,28.15,27.91,27.81,27.91,27.84,28.0
6,2024,قهوة سريعة التحضير (نسكافيه),Instant Coffee  (Nescaf),100 جم,100 gm,26.41583,25.25,25.02,25.19,25.05,25.65,26.48,26.78,27.32,27.52,27.46,27.62,27.65
6,2023,قهوة سريعة التحضير (نسكافيه),Instant Coffee  (Nescaf),100 جم,100 gm,25.76417,25.42,25.61,25.9,25.9,26.0,26.06,26.12,26.14,25.73,25.73,25.48,25.08
6,2022,قهوة سريعة التحضير (نسكافيه),Instant Coffee  (Nescaf),100 جم,100 gm,22.805,21.15,21.19,21.45,21.95,22.19,22.22,22.52,22.85,23.66,24.45,24.9,25.13
6,2021,قهوة سريعة التحضير (نسكافيه),Instant Coffee  (Nescaf),100 جم,100 gm,21.185,21.19,21.19,21.27,21.25,21.17,21.21,21.16,21.16,21.19,21.16,21.14,21.13
6,2020,قهوة سريعة التحضير (نسكافيه),Instant Coffee  (Nescaf),100 جم,100 gm,20.2125,19.26,19.21,19.3,19.32,19.34,19.37,21.16,21.12,21.01,21.15,21.14,21.17
6,2019,قهوة سريعة التحضير (نسكافيه),Instant Coffee  (Nescaf),100 جم,100 gm,19.18325,19.024,19.115,19.18,18.95,19.16,19.21,19.26,19.3,19.21,19.28,19.25,19.26
6,2018,قهوة سريعة التحضير (نسكافيه),Instant Coffee  (Nescaf),100 جم,100 gm,18.88267,18.735,18.76,18.934,18.926,18.808,18.942,18.908,18.941,18.888,18.948,18.879,18.923
6,2017,قهوة سريعة التحضير (نسكافيه),Instant Coffee  (Nescaf),100 جم,100 gm,17.46067,17.167,17.13,17.099,17.22,17.404,17.525,17.621,17.618,17.533,17.656,17.71,17.845
6,2016,قهوة سريعة التحضير (نسكافيه),Instant Coffee  (Nescaf),100 جم,100 gm,17.05058,16.896,16.909,16.923,17.007,16.988,17.033,17.011,17.131,17.216,17.142,17.137,17.214
6,2015,قهوة سريعة التحضير (نسكافيه),Instant Coffee  (Nescaf),100 جم,100 gm,16.85267,16.773,16.79,16.76,16.783,16.814,16.812,16.798,16.946,17.013,16.981,16.913,16.849
6,2014,قهوة سريعة التحضير (نسكافيه),Instant Coffee  (Nescaf),100 جم,100 gm,16.61367,16.574,16.564,16.537,16.574,16.58,16.616,16.635,16.619,16.591,16.658,16.645,16.771
6,2013,قهوة سريعة التحضير (نسكافيه),Instant Coffee  (Nescaf),100 جم,100 gm,15.86842,15.612,15.578,15.395,15.23,15.785,15.754,15.83,15.85,16.026,16.319,16.484,16.558
6,2012,قهوة سريعة التحضير (نسكافيه),Instant Coffee  (Nescaf),100 جم,100 gm,15.50075,15.732,15.673,15.962,15.923,15.633,15.388,15.394,15.288,15.192,15.24,15.221,15.363
6,2011,قهوة سريعة التحضير (نسكافيه),Instant Coffee  (Nescaf),100 جم,100 gm,16.02983,16.014,16.044,16.015,16.123,16.16,16.159,15.99,15.95,15.954,16.042,16.039,15.868
6,2010,قهوة سريعة التحضير (نسكافيه),Instant Coffee  (Nescaf),100 جم,100 gm,16.61167,16.866,16.725,16.833,16.786,16.739,16.72,16.739,16.625,16.57,16.344,16.237,16.156
6,2009,قهوة سريعة التحضير (نسكافيه),Instant Coffee  (Nescaf),100 جم,100 gm,16.3635,15.511,15.48,15.807,16.15,16.303,16.403,16.482,16.731,16.669,16.804,17.305,16.717
6,2025,شاي أسود فرط (ربيع),black loose Tea (Rabea),1 كجم,1 kg,40.10667,39.74,39.82,40.66,40.34,39.66,40.59,40.35,40.29,39.46,39.58,40.65,40.14
6,2024,شاي أسود فرط (ربيع),black loose Tea (Rabea),1 كجم,1 kg,40.90167,41.89,41.1,40.65,40.96,40.8,41.02,40.81,40.74,40.72,40.77,40.9,40.46
6,2023,شاي أسود فرط (ربيع),black loose Tea (Rabea),1 كجم,1 kg,40.73833,39.3,40.62,40.67,40.8,40.89,40.23,41.46,41.1,40.63,40.52,41.14,41.5
6,2022,شاي أسود فرط (ربيع),black loose Tea (Rabea),1 كجم,1 kg,40.295,41.58,41.91,40.94,41.28,40.72,40.6,40.86,39.58,38.78,39.28,39.1,38.91
6,2021,شاي أسود فرط (ربيع),black loose Tea (Rabea),1 كجم,1 kg,43.14167,45.0,45.4,45.18,43.64,42.64,43.31,42.03,42.86,42.68,42.01,41.54,41.41
6,2020,شاي أسود فرط (ربيع),black loose Tea (Rabea),1.1 كجم,1 kg,42.9875,41.68,40.77,40.25,40.28,40.83,40.64,45.13,44.85,45.55,45.3,45.59,44.98
6,2019,شاي أسود فرط (ربيع),black loose Tea (Rabea),1.2 كجم,1 kg,42.59867,42.993,42.801,42.62,42.8,42.39,42.59,42.53,43.12,42.5,42.4,41.73,42.71
6,2018,شاي أسود فرط (ربيع),black loose Tea (Rabea),1.2 كجم,1 kg,42.57775,41.356,42.347,42.302,42.644,42.404,42.867,42.579,42.968,42.98,42.942,42.537,43.007
6,2017,شاي أسود فرط (ربيع),black loose Tea (Rabea),1.2 كجم,1 kg,39.68667,39.72,39.602,39.615,39.704,39.63,39.721,39.707,39.669,39.689,39.284,39.848,40.051
6,2016,شاي أسود فرط (ربيع),black loose Tea (Rabea),1.2 كجم,1 kg,39.35225,39.241,39.153,39.002,39.416,39.055,39.371,39.411,39.606,39.693,39.154,39.4,39.725
6,2015,شاي أسود فرط (ربيع),black loose Tea (Rabea),1.2 كجم,1 kg,39.56067,39.323,39.593,39.432,39.863,39.956,39.754,38.868,39.35,39.784,39.725,39.632,39.448
6,2014,شاي أسود فرط (ربيع),black loose Tea (Rabea),1.2 كجم,1 kg,38.46217,37.72,37.564,37.934,38.116,38.405,38.184,38.551,38.868,38.891,39.012,39.01,39.291
6,2013,شاي أسود فرط (ربيع),black loose Tea (Rabea),1.2 كجم,1 kg,37.44308,37.577,37.643,37.39,37.375,37.298,37.617,37.536,37.453,37.293,37.326,37.27,37.539
6,2012,شاي أسود فرط (ربيع),black loose Tea (Rabea),1.2 كجم,1 kg,37.33058,37.091,36.944,37.585,37.216,37.246,37.315,37.325,37.568,37.21,37.365,37.487,37.615
6,2011,شاي أسود فرط (ربيع),black loose Tea (Rabea),1.2 كجم,1 kg,34.91517,33.837,33.606,33.651,33.83,33.641,33.775,34.696,35.705,35.846,36.744,36.704,36.947
6,2010,شاي أسود فرط (ربيع),black loose Tea (Rabea),1.2 كجم,1 kg,35.30567,39.378,39.5,39.18,40.07,32.791,32.637,32.875,32.94,33.223,33.767,33.674,33.633
6,2009,شاي أسود فرط (ربيع),black loose Tea (Rabea),1.2 كجم,1 kg,38.49775,39.379,38.816,39.02,39.011,37.298,38.19,36.687,38.421,38.832,38.367,38.854,39.098
6,2025,مياه صحية,Water,1.5 لتر,1.5 L,2.02083,2.02,2.02,2.03,2.03,2.03,2.03,2.02,2.01,2.01,2.02,2.02,2.01
6,2024,مياه صحية,Water,1.5 لتر,1.5 L,2.06417,2.08,2.08,2.1,2.08,2.07,2.08,2.08,2.05,2.05,2.06,2.03,2.01
6,2023,مياه صحية,Water,1.5 لتر,1.5 L,2.16667,2.2,2.2,2.2,2.2,2.2,2.18,2.18,2.15,2.15,2.14,2.11,2.09
6,2022,مياه صحية,Water,1.5 لتر,1.5 L,2.185,2.2,2.19,2.19,2.17,2.18,2.16,2.18,2.18,2.19,2.19,2.19,2.2
6,2021,مياه صحية,Water,1.5 لتر,1.5 L,2.17167,2.18,2.18,2.17,2.16,2.17,2.17,2.17,2.17,2.15,2.17,2.19,2.18
6,2020,مياه صحية,Water,1.5 لتر,1.5 L,2.11,2.02,2.02,2.03,2.02,2.02,2.02,2.21,2.2,2.19,2.2,2.2,2.19
6,2019,مياه صحية,Water,1.5 لتر,1.5 L,2.02108,2.021,2.032,2.03,2.03,2.03,2.02,2.01,2.02,2.02,2.01,2.01,2.02
6,2018,مياه صحية,Water,1.5 لتر,1.5 L,2.00633,2.016,2.033,1.995,1.988,1.976,1.995,2.023,2.007,2.002,2.005,2.011,2.025
6,2017,مياه صحية,Water,1.5 لتر,1.5 L,1.9445,1.941,1.949,1.948,1.949,1.926,1.933,1.948,1.948,1.948,1.948,1.948,1.948
6,2016,مياه صحية,Water,1.5 لتر,1.5 L,1.94358,1.93,1.945,1.945,1.922,1.93,1.945,1.953,1.945,1.953,1.953,1.953,1.949
6,2015,مياه صحية,Water,1.5 لتر,1.5 L,1.94408,1.934,1.926,1.948,1.94,1.94,1.94,1.943,1.944,1.952,1.952,1.953,1.957
6,2014,مياه صحية,Water,1.5 لتر,1.5 L,1.95292,1.957,1.957,1.957,1.957,1.957,1.965,1.949,1.949,1.949,1.949,1.941,1.948
6,2013,مياه صحية,Water,1.5 لتر,1.5 L,1.95408,1.949,1.926,1.949,1.957,1.957,1.957,1.957,1.961,1.953,1.969,1.957,1.957
6,2012,مياه صحية,Water,1.5 لتر,1.5 L,1.93867,1.949,1.941,1.949,1.949,1.949,1.934,1.941,1.949,1.926,1.941,1.957,1.879
6,2011,مياه صحية,Water,1.5 لتر,1.5 L,1.91942,1.908,1.935,1.881,1.919,1.915,1.919,1.858,1.927,1.938,1.934,1.95,1.949
6,2010,مياه صحية,Water,1.5 لتر,1.5 L,1.82433,1.648,1.745,1.759,1.726,1.859,1.859,1.844,1.877,1.914,1.9,1.869,1.892
6,2009,مياه صحية,Water,1.5 لتر,1.5 L,1.69508,1.672,1.708,1.726,1.694,1.736,1.659,1.74,1.651,1.62,1.66,1.781,1.694
6,2025,مشروبات غازية محلية,Local Soft Drinks,320 ملل,320 ml,2.54417,2.55,2.55,2.55,2.55,2.55,2.54,2.54,2.54,2.54,2.54,2.54,2.54
6,2024,مشروبات غازية محلية,Local Soft Drinks,320 ملل,320 ml,2.57583,2.6,2.59,2.58,2.56,2.57,2.56,2.57,2.57,2.58,2.59,2.57,2.57
6,2023,مشروبات غازية محلية,Local Soft Drinks,320 ملل,320 ml,2.60167,2.59,2.6,2.61,2.61,2.64,2.63,2.59,2.61,2.57,2.59,2.59,2.59
6,2022,مشروبات غازية محلية,Local Soft Drinks,320 ملل,320 ml,2.61167,2.61,2.61,2.61,2.61,2.61,2.61,2.61,2.61,2.64,2.63,2.6,2.59
6,2021,مشروبات غازية محلية,Local Soft Drinks,320 ملل,320 ml,2.615,2.64,2.64,2.64,2.64,2.64,2.63,2.59,2.59,2.59,2.6,2.59,2.59
6,2020,مشروبات غازية محلية,Local Soft Drinks,330 ملل,320 ml,2.59583,2.53,2.52,2.52,2.51,2.51,2.51,2.72,2.69,2.66,2.65,2.65,2.68
6,2019,مشروبات غازية محلية,Local Soft Drinks,330 ملل,320 ml,2.51383,2.514,2.512,2.52,2.51,2.52,2.51,2.51,2.51,2.51,2.51,2.51,2.53
6,2018,مشروبات غازية محلية,Local Soft Drinks,330 ملل,320 ml,2.49842,2.444,2.438,2.452,2.508,2.514,2.524,2.517,2.518,2.518,2.519,2.517,2.512
6,2017,مشروبات غازية محلية,Local Soft Drinks,330 ملل,320 ml,1.84458,1.5,1.5,1.5,1.5,1.5,2.218,2.139,2.071,2.063,2.048,2.048,2.048
6,2016,مشروبات غازية محلية,Local Soft Drinks,330 ملل,320 ml,1.5,1.5,1.5,1.5,1.5,1.5,1.5,1.5,1.5,1.5,1.5,1.5,1.5
6,2015,مشروبات غازية محلية,Local Soft Drinks,330 ملل,320 ml,1.5,1.5,1.5,1.5,1.5,1.5,1.5,1.5,1.5,1.5,1.5,1.5,1.5
6,2014,مشروبات غازية محلية,Local Soft Drinks,330 ملل,320 ml,1.5,1.5,1.5,1.5,1.5,1.5,1.5,1.5,1.5,1.5,1.5,1.5,1.5
6,2013,مشروبات غازية محلية,Local Soft Drinks,330 ملل,320 ml,1.5,1.5,1.5,1.5,1.5,1.5,1.5,1.5,1.5,1.5,1.5,1.5,1.5
6,2012,مشروبات غازية محلية,Local Soft Drinks,330 ملل,320 ml,1.5,1.5,1.5,1.5,1.5,1.5,1.5,1.5,1.5,1.5,1.5,1.5,1.5
6,2011,مشروبات غازية محلية,Local Soft Drinks,330 ملل,320 ml,1.50067,1.5,1.5,1.5,1.5,1.5,1.5,1.5,1.5,1.508,1.5,1.5,1.5
6,2010,مشروبات غازية محلية,Local Soft Drinks,330 ملل,320 ml,1.50067,1.5,1.5,1.5,1.5,1.5,1.5,1.5,1.508,1.5,1.5,1.5,1.5
6,2009,مشروبات غازية محلية,Local Soft Drinks,330 ملل,320 ml,1.04033,1.0,1.0,1.0,1.0,1.0,1.0,1.0,1.0,1.0,1.0,1.0,1.484
